SessionID,Wavfile,AdjUse,Notes,onset time,X6
2,Z-0001-09.wav,0,,1082,
2,Z-0002-08.wav,0,,903,
2,Z-0003-03.wav,1,,789,
2,Z-0004-08.wav,0,,1375,
2,Z-0005-06.wav,1,,1029,
2,Z-0006-08.wav,0,,1001,
2,Z-0007-08.wav,1,,966,
2,Z-0008-06.wav,0,,1151,
2,Z-0009-08.wav,1,,1313,
2,Z-0010-09.wav,1,,843,
2,Z-0011-08.wav,1,,732,
2,Z-0012-09.wav,0,,1142,
2,Z-0013-07.wav,1,,870,
2,Z-0014-09.wav,1,,985,
2,Z-0015-07.wav,1,,1170,
2,Z-0016-09.wav,0,,972,
2,Z-0017-07.wav,0,,1177,
2,Z-0018-07.wav,0,,873,
2,Z-0019-06.wav,0,,1455,
2,Z-0020-06.wav,1,,961,
2,Z-0021-07.wav,1,,1144,
2,Z-0022-08.wav,0,,942,
2,Z-0023-05.wav,1,,855,
2,Z-0024-08.wav,0,,1331,
2,Z-0025-04.wav,0,,1401,
2,Z-0026-06.wav,0,,926,
2,Z-0027-09.wav,1,,1222,
2,Z-0028-06.wav,1,,919,
2,Z-0029-05.wav,0,,1942,
2,Z-0030-08.wav,1,,1114,
2,Z-0031-07.wav,0,,1431,
2,Z-0032-07.wav,1,,1027,
2,Z-0033-07.wav,1,,938,
2,Z-0034-09.wav,0,,1031,
2,Z-0035-06.wav,1,,980,
2,Z-0036-07.wav,0,,999,
2,Z-0037-06.wav,0,,976,
2,Z-0038-06.wav,0,,987,
2,Z-0039-09.wav,1,,1051,
2,Z-0040-07.wav,1,,901,
2,Z-0041-07.wav,0,,1031,
2,Z-0042-08.wav,0,,1294,
2,Z-0043-09.wav,1,,923,
2,Z-0044-08.wav,1,,1109,
2,Z-0045-07.wav,1,,1136,
2,Z-0046-06.wav,0,,1085,
2,Z-0047-09.wav,0,,945,
2,Z-0048-06.wav,1,,1062,
3,Z-0001-09.wav,0,,948,
3,Z-0002-07.wav,0,,630,
3,Z-0003-03.wav,1,,658,
3,Z-0004-06.wav,1,,840,
3,Z-0005-05.wav,1,,710,
3,Z-0006-06.wav,1,,717,
3,Z-0007-07.wav,1,,1068,
3,Z-0008-06.wav,1,,1144,
3,Z-0009-07.wav,0,,733,
3,Z-0010-09.wav,1,,777,
3,Z-0011-06.wav,0,,687,
3,Z-0012-07.wav,0,,786,
3,Z-0013-06.wav,0,,855,
3,Z-0014-08.wav,0,,784,
3,Z-0015-05.wav,0,,726,
3,Z-0016-06.wav,0,,806,
3,Z-0017-09.wav,0,,940,
3,Z-0018-07.wav,1,,739,
3,Z-0019-09.wav,1,,1024,
3,Z-0020-07.wav,1,,944,
3,Z-0021-07.wav,0,,770,
3,Z-0022-07.wav,0,,864,
3,Z-0023-06.wav,1,,948,
3,Z-0024-07.wav,1,,745,
3,Z-0025-02.wav,1,,793,
3,Z-0026-09.wav,,audible speech during trial ends with 'who knows' then 'little e',,
3,Z-0027-09.wav,1,,806,
3,Z-0028-05.wav,1,,867,
3,Z-0029-08.wav,0,D green,1026,
3,Z-0030-07.wav,0,y orange,933,
3,Z-0031-07.wav,1,,1452,
3,Z-0032-06.wav,0,,1011,
3,Z-0033-06.wav,0,,740,
3,Z-0034-09.wav,1,,1008,
3,Z-0035-06.wav,0,,1016,
3,Z-0036-05.wav,0,correction from before,701,
3,Z-0037-08.wav,1,,1449,
3,Z-0038-08.wav,1,,1001,
3,Z-0039-08.wav,1,,736,
3,Z-0040-05.wav,0,,649,
3,Z-0041-08.wav,1,,691,
3,Z-0042-09.wav,1,,1088,
3,Z-0043-08.wav,1,,795,
3,Z-0044-08.wav,0,,642,
3,Z-0045-09.wav,0,,741,
3,Z-0046-07.wav,0,,962,
3,Z-0047-08.wav,0,,821,
3,Z-0048-06.wav,0,,682,
4,Z-0001-09.wav,1,,830,
4,Z-0002-04.wav,1,,807,
4,Z-0003-07.wav,0,,1524,
4,Z-0004-06.wav,0,,923,
4,Z-0005-06.wav,0,,1203,
4,Z-0006-09.wav,1,,872,
4,Z-0007-06.wav,0,,1429,
4,Z-0008-07.wav,1,,986,
4,Z-0009-09.wav,0,,1169,
4,Z-0010-07.wav,0,,1333,
4,Z-0011-09.wav,0,,1410,
4,Z-0012-07.wav,1,,775,
4,Z-0013-08.wav,0,,999,
4,Z-0014-06.wav,0,,768,
4,Z-0015-08.wav,1,,828,
4,Z-0016-06.wav,1,,1214,
4,Z-0017-06.wav,1,,950,
4,Z-0018-08.wav,0,,1405,
4,Z-0019-08.wav,1,,803,
4,Z-0020-09.wav,1,,811,
4,Z-0021-08.wav,1,,757,
4,Z-0022-08.wav,1,,857,
4,Z-0023-05.wav,0,,931,
4,Z-0024-09.wav,0,,695,
4,Z-0025-08.wav,1,,1508,
4,Z-0026-08.wav,1,,2082,
4,Z-0027-03.wav,0,,1339,
4,Z-0028-06.wav,0,,1117,
4,Z-0029-06.wav,0,,940,
4,Z-0030-08.wav,0,,1200,
4,Z-0031-06.wav,1,,995,
4,Z-0032-06.wav,0,,2010,
4,Z-0033-08.wav,1,,1223,
4,Z-0034-09.wav,1,,955,
4,Z-0035-06.wav,0,,1195,
4,Z-0036-08.wav,1,,1105,
4,Z-0037-06.wav,1,,828,
4,Z-0038-08.wav,1,,1280,
4,Z-0039-05.wav,1,,780,
4,Z-0040-08.wav,0,,748,
4,Z-0041-09.wav,0,,846,
4,Z-0042-08.wav,0,,1068,
4,Z-0043-09.wav,1,,977,
4,Z-0044-09.wav,0,,1288,
4,Z-0045-06.wav,1,,728,
4,Z-0046-07.wav,0,,861,
4,Z-0047-07.wav,0,,728,
4,Z-0048-05.wav,1,sounds like about to laugh at end of description 'large J',1207,
5,Z-0001-08.wav,1,,1338,
5,Z-0002-08.wav,1,,898,
5,Z-0003-06.wav,1,,980,
5,Z-0004-05.wav,0,,1379,
5,Z-0005-05.wav,1,,1213,
5,Z-0006-07.wav,0,,974,
5,Z-0007-08.wav,1,,1336,
5,Z-0008-09.wav,0,,1262,
5,Z-0009-08.wav,0,,1090,
5,Z-0010-08.wav,0,,1101,
5,Z-0011-05.wav,0,,978,
5,Z-0012-06.wav,0,,966,
5,Z-0013-09.wav,0,,1322,
5,Z-0014-06.wav,1,,1337,
5,Z-0015-06.wav,0,,1186,
5,Z-0016-06.wav,1,,1028,
5,Z-0017-06.wav,1,,987,
5,Z-0018-07.wav,1,,2074,
5,Z-0019-07.wav,0,,1274,
5,Z-0020-07.wav,1,,796,
5,Z-0021-08.wav,0,,1172,
5,Z-0022-06.wav,1,,850,
5,Z-0023-09.wav,1,,848,
5,Z-0024-09.wav,0,,937,
5,Z-0025-06.wav,0,,1279,
5,Z-0026-08.wav,1,,1079,
5,Z-0027-06.wav,0,,1016,
5,Z-0028-09.wav,1,,1141,
5,Z-0029-09.wav,1,,1413,
5,Z-0030-07.wav,0,,1033,
5,Z-0031-09.wav,0,,1288,
5,Z-0032-06.wav,1,DE onset of second utterance listed,2473,*
5,Z-0033-07.wav,1,,839,
5,Z-0034-09.wav,0,,1411,
5,Z-0035-07.wav,1,,1008,
5,Z-0036-09.wav,1,,892,
5,Z-0037-08.wav,1,,1046,
5,Z-0038-09.wav,0,,1268,
5,Z-0039-07.wav,0,,1757,
5,Z-0040-07.wav,0,,1134,
5,Z-0041-06.wav,1,,948,
5,Z-0042-08.wav,0,,1860,
5,Z-0043-06.wav,0,,1312,
5,Z-0044-08.wav,1,,1105,
5,Z-0045-06.wav,1,,932,
5,Z-0046-09.wav,1,,1082,
5,Z-0047-09.wav,1,,1365,
5,Z-0048-06.wav,0,,1560,
6,Z-0001-07.wav,0,,1307,
6,Z-0002-08.wav,1,,1102,
6,Z-0003-06.wav,1,,854,
6,Z-0004-05.wav,1,,1488,
6,Z-0005-06.wav,1,,1282,
6,Z-0006-06.wav,0,,1786,
6,Z-0007-08.wav,0,,1065,
6,Z-0008-06.wav,0,,1249,
6,Z-0009-06.wav,0,,1104,
6,Z-0010-06.wav,1,,1143,
6,Z-0011-09.wav,0,,980,
6,Z-0012-06.wav,0,,1153,
6,Z-0013-09.wav,0,,1404,
6,Z-0014-08.wav,1,,1434,
6,Z-0015-06.wav,0,,1020,
6,Z-0016-06.wav,1,,1534,
6,Z-0017-06.wav,1,,1078,
6,Z-0018-08.wav,0,,1180,
6,Z-0019-08.wav,1,,1529,
6,Z-0020-09.wav,0,,759,
6,Z-0021-07.wav,1,,1208,
6,Z-0022-06.wav,1,,1047,
6,Z-0023-09.wav,1,,992,
6,Z-0024-05.wav,0,,969,
6,Z-0025-09.wav,0,,1042,
6,Z-0026-04.wav,1,,1038,
6,Z-0027-07.wav,0,,861,
6,Z-0028-09.wav,0,,1377,
6,Z-0029-08.wav,1,,1145,
6,Z-0030-07.wav,1,,1024,
6,Z-0031-06.wav,1,,1231,
6,Z-0032-09.wav,0,,1017,
6,Z-0033-07.wav,0,,860,
6,Z-0034-07.wav,0,,1473,
6,Z-0035-08.wav,0,AS y - big y onset of correction,1479,
6,Z-0036-08.wav,1,,2101,
6,Z-0037-09.wav,1,,1669,
6,Z-0038-06.wav,1,,1339,
6,Z-0039-06.wav,0,,1383,
6,Z-0040-08.wav,0,,1259,
6,Z-0041-06.wav,0,,909,
6,Z-0042-06.wav,1,,1435,
6,Z-0043-06.wav,1,,1427,
6,Z-0044-09.wav,1,,1234,
6,Z-0045-05.wav,0,,1142,
6,Z-0046-08.wav,0,,1031,
6,Z-0047-06.wav,0,AS f -big f onset of correction listed,1797,
6,Z-0048-05.wav,0,,1085,
7,Z-0001-07.wav,0,,1538,
7,Z-0002-09.wav,0,,971,
7,Z-0003-08.wav,1,,1245,
7,Z-0004-03.wav,0,,873,
7,Z-0005-06.wav,1,,1324,
7,Z-0006-06.wav,0,,1184,
7,Z-0007-08.wav,1,,1344,
7,Z-0008-08.wav,0,,1162,
7,Z-0009-09.wav,0,,956,
7,Z-0010-06.wav,0,"""Y… not y, I"" onset of I listed",3068,
7,Z-0011-06.wav,1,,811,
7,Z-0012-05.wav,0,,782,
7,Z-0013-06.wav,0,,979,
7,Z-0014-07.wav,0,,979,
7,Z-0015-09.wav,1,,1002,
7,Z-0016-07.wav,1,,804,
7,Z-0017-06.wav,0,,768,
7,Z-0018-06.wav,1,,1117,
7,Z-0019-07.wav,0,,891,
7,Z-0020-08.wav,1,,850,
7,Z-0021-09.wav,1,,997,
7,Z-0022-08.wav,0,,940,
7,Z-0023-07.wav,1,,1037,
7,Z-0024-06.wav,1,,2054,
7,Z-0025-02.wav,1,,1078,
7,Z-0026-06.wav,0,,1243,
7,Z-0027-08.wav,1,,1021,
7,Z-0028-08.wav,1,,1201,
7,Z-0029-06.wav,1,,1131,
7,Z-0030-06.wav,1,,955,
7,Z-0031-08.wav,0,,1164,
7,Z-0032-09.wav,1,,1004,
7,Z-0033-05.wav,0,,994,
7,Z-0034-08.wav,1,,1530,
7,Z-0035-09.wav,0,,955,
7,Z-0036-09.wav,0,,967,
7,Z-0037-06.wav,0,,1152,
7,Z-0038-09.wav,0,,790,
7,Z-0039-06.wav,0,,883,
7,Z-0040-07.wav,1,,1133,
7,Z-0041-06.wav,1,,963,
7,Z-0042-09.wav,0,,1001,
7,Z-0043-06.wav,1,,1030,
7,Z-0044-07.wav,0,,874,
7,Z-0045-08.wav,1,,995,
7,Z-0046-08.wav,0,,1134,
7,Z-0047-07.wav,0,,1017,
7,Z-0048-08.wav,1,,1126,
10,Z-0001-06.wav,0,,1085,
10,Z-0002-09.wav,1,,1045,
10,Z-0003-06.wav,0,,1047,
10,Z-0004-08.wav,0,,1031,
10,Z-0005-09.wav,1,,717,
10,Z-0006-07.wav,0,,952,
10,Z-0007-05.wav,0,,771,
10,Z-0008-06.wav,1,,914,
10,Z-0009-08.wav,1,,787,
10,Z-0010-08.wav,1,,844,
10,Z-0011-08.wav,1,,742,
10,Z-0012-05.wav,1,,719,
10,Z-0013-06.wav,1,,1150,
10,Z-0014-09.wav,1,,1088,
10,Z-0015-07.wav,0,,1047,
10,Z-0016-08.wav,1,,810,
10,Z-0017-08.wav,0,,830,
10,Z-0018-06.wav,0,,1150,
10,Z-0019-06.wav,0,,1135,
10,Z-0020-07.wav,1,,1069,
10,Z-0021-09.wav,0,,779,
10,Z-0022-06.wav,1,,1216,
10,Z-0023-07.wav,0,,1303,
10,Z-0024-06.wav,1,,790,
10,Z-0025-08.wav,0,,850,
10,Z-0026-04.wav,1,,883,
10,Z-0027-06.wav,0,,784,
10,Z-0028-08.wav,1,,1007,
10,Z-0029-06.wav,1,,1008,
10,Z-0030-06.wav,0,,1072,
10,Z-0031-08.wav,0,,1963,
10,Z-0032-06.wav,1,,972,
10,Z-0033-09.wav,1,,912,
10,Z-0034-07.wav,0,,1085,
10,Z-0035-06.wav,1,,1046,
10,Z-0036-09.wav,0,,728,
10,Z-0037-08.wav,1,,1226,
10,Z-0038-06.wav,0,,1059,
10,Z-0039-09.wav,1,,1156,
10,Z-0040-05.wav,0,,939,
10,Z-0041-08.wav,0,,1384,
10,Z-0042-06.wav,1,,1226,
10,Z-0043-08.wav,0,,637,
10,Z-0044-09.wav,1,,784,
10,Z-0045-07.wav,1,,796,
10,Z-0046-09.wav,0,,1044,
10,Z-0047-09.wav,0,,1230,
10,Z-0048-09.wav,1,,890,
11,Z-0001-09.wav,1,,716,
11,Z-0002-07.wav,1,,694,
11,Z-0003-07.wav,1,,1005,
11,Z-0004-06.wav,0,,543,
11,Z-0005-06.wav,1,,1196,
11,Z-0006-09.wav,0,,600,
11,Z-0007-09.wav,1,,1245,
11,Z-0008-05.wav,1,,1273,
11,Z-0009-06.wav,1,,815,
11,Z-0010-08.wav,0,,768,
11,Z-0011-06.wav,0,,681,
11,Z-0012-07.wav,0,,965,
11,Z-0013-08.wav,0,,904,
11,Z-0014-07.wav,0,,779,
11,Z-0015-06.wav,0,,908,
11,Z-0016-06.wav,1,,1050,
11,Z-0017-07.wav,0,,755,
11,Z-0018-09.wav,1,,947,
11,Z-0019-09.wav,1,,743,
11,Z-0020-08.wav,0,,751,
11,Z-0021-09.wav,1,,764,
11,Z-0022-07.wav,1,,979,
11,Z-0023-09.wav,0,,661,
11,Z-0024-08.wav,0,,604,
11,Z-0025-09.wav,0,,700,
11,Z-0026-06.wav,1,,744,
11,Z-0027-06.wav,,sounds like swi? Probably using adjective,,
11,Z-0028-06.wav,1,,1117,
11,Z-0029-05.wav,,sounds like swar - maybe 'small r' with adj?,,
11,Z-0030-02.wav,0,,662,
11,Z-0031-06.wav,1,,834,
11,Z-0032-06.wav,0,,710,
11,Z-0033-06.wav,1,,646,
11,Z-0034-09.wav,0,,868,
11,Z-0035-08.wav,0,,958,
11,Z-0036-05.wav,1,,724,
11,Z-0037-06.wav,1,,946,
11,Z-0038-07.wav,0,,562,
11,Z-0039-09.wav,1,,874,
11,Z-0040-06.wav,,sounds like swis - maybe running letters together again - ie small s?,,
11,Z-0041-09.wav,0,,969,
11,Z-0042-07.wav,,swem? Think this may contain an ADJ,,
11,Z-0043-09.wav,0,,633,
11,Z-0044-09.wav,0,,601,
11,Z-0045-07.wav,0,,961,
11,Z-0046-09.wav,1,,794,
11,Z-0047-08.wav,0,,699,
11,Z-0048-09.wav,0,,713,
12,Z-0001-09.wav,1,,641,
12,Z-0002-07.wav,1,,670,
12,Z-0003-07.wav,1,,681,
12,Z-0004-09.wav,0,,694,
12,Z-0005-09.wav,0,,819,
12,Z-0006-06.wav,0,,761,
12,Z-0007-09.wav,1,,587,
12,Z-0008-07.wav,0,,862,
12,Z-0009-08.wav,0,,434,
12,Z-0010-06.wav,0,,580,
12,Z-0011-06.wav,0,,623,
12,Z-0012-07.wav,0,,712,
12,Z-0013-06.wav,1,,700,
12,Z-0014-08.wav,0,,543,
12,Z-0015-09.wav,0,,641,
12,Z-0016-09.wav,1,,781,
12,Z-0017-09.wav,0,,544,
12,Z-0018-08.wav,1,,596,
12,Z-0019-09.wav,1,,689,
12,Z-0020-06.wav,1,,629,
12,Z-0021-08.wav,1,,734,
12,Z-0022-06.wav,1,,644,
12,Z-0023-06.wav,0,,658,
12,Z-0024-07.wav,1,,683,
12,Z-0025-07.wav,0,,1076,
12,Z-0026-02.wav,1,,845,
12,Z-0027-09.wav,1,,624,
12,Z-0028-08.wav,1,,488,
12,Z-0029-07.wav,0,,1154,
12,Z-0030-06.wav,1,,863,
12,Z-0031-08.wav,0,,1090,
12,Z-0032-05.wav,1,,801,
12,Z-0033-06.wav,,sounds like she may be adding something else to descriptio b ut sound cuts out,,
12,Z-0034-08.wav,1,,526,
12,Z-0035-07.wav,1,sounds like 'm' small..bi (as if she's changing adjective but sound cuts out) - correction with big listed,1804,
12,Z-0036-06.wav,0,,766,
12,Z-0037-05.wav,1,,603,
12,Z-0038-08.wav,0,,635,
12,Z-0039-08.wav,1,,884,
12,Z-0040-09.wav,1,,652,
12,Z-0041-08.wav,0,,726,
12,Z-0042-07.wav,0,,763,
12,Z-0043-08.wav,0,,723,
12,Z-0044-09.wav,0,,683,
12,Z-0045-07.wav,1,,720,
12,Z-0046-09.wav,1,,643,
12,Z-0047-06.wav,1,,627,
12,Z-0048-07.wav,0,,1001,
13,Z-0001-03.wav,1,,901,
13,Z-0002-06.wav,0,,1364,
13,Z-0003-08.wav,0,,829,
13,Z-0004-07.wav,0,,853,
13,Z-0005-07.wav,0,,807,
13,Z-0006-08.wav,0,,869,
13,Z-0007-09.wav,0,,1789,
13,Z-0008-08.wav,1,,968,
13,Z-0009-09.wav,1,,1091,
13,Z-0010-06.wav,1,,948,
13,Z-0011-07.wav,0,,1154,
13,Z-0012-09.wav,0,,862,
13,Z-0013-06.wav,1,,1367,
13,Z-0014-06.wav,0,,932,
13,Z-0015-07.wav,1,,940,
13,Z-0016-08.wav,0,,717,
13,Z-0017-06.wav,1,,1046,
13,Z-0018-09.wav,0,,855,
13,Z-0019-08.wav,1,,1169,
13,Z-0020-07.wav,1,,932,
13,Z-0021-08.wav,1,,965,
13,Z-0022-06.wav,0,,1355,
13,Z-0023-05.wav,1,,901,
13,Z-0024-08.wav,1,,981,
13,Z-0025-09.wav,0,,968,
13,Z-0026-04.wav,1,,869,
13,Z-0027-09.wav,0,,1218,
13,Z-0028-06.wav,1,,1099,
13,Z-0029-07.wav,0,,813,
13,Z-0030-06.wav,1,,1649,
13,Z-0031-05.wav,1,,1166,
13,Z-0032-09.wav,0,,1192,
13,Z-0033-09.wav,0,,772,
13,Z-0034-07.wav,1,,857,
13,Z-0035-05.wav,0,,916,
13,Z-0036-07.wav,0,,900,
13,Z-0037-08.wav,1,,958,
13,Z-0038-07.wav,0,,1162,
13,Z-0039-08.wav,0,,977,
13,Z-0040-06.wav,1,,797,
13,Z-0041-08.wav,1,,931,
13,Z-0042-06.wav,1,,848,
13,Z-0043-09.wav,0,,849,
13,Z-0044-06.wav,0,,860,
13,Z-0045-05.wav,1,,835,
13,Z-0046-08.wav,0,,722,
13,Z-0047-06.wav,1,,707,
13,Z-0048-06.wav,1,,921,
14,Z-0001-09.wav,0,,888,
14,Z-0002-06.wav,0,,986,
14,Z-0003-08.wav,0,,1033,
14,Z-0004-07.wav,1,,1208,
14,Z-0005-07.wav,0,,696,
14,Z-0006-07.wav,1,,900,
14,Z-0007-09.wav,1,,1351,
14,Z-0008-08.wav,0,,1381,
14,Z-0009-08.wav,0,,726,
14,Z-0010-07.wav,1,,1114,
14,Z-0011-08.wav,1,,832,
14,Z-0012-08.wav,0,,764,
14,Z-0013-08.wav,1,,979,
14,Z-0014-06.wav,1,,1427,
14,Z-0015-07.wav,0,,931,
14,Z-0016-06.wav,1,,1478,
14,Z-0017-07.wav,1,slight stumble before adjective produced,834,
14,Z-0018-06.wav,1,,878,
14,Z-0019-06.wav,0,,1017,
14,Z-0020-09.wav,1,,940,
14,Z-0021-07.wav,0,,1040,
14,Z-0022-07.wav,0,,843,
14,Z-0023-07.wav,0,,799,
14,Z-0024-09.wav,1,,865,
14,Z-0025-07.wav,0,,1069,
14,Z-0026-05.wav,0,,825,
14,Z-0027-07.wav,1,,883,
14,Z-0028-08.wav,0,,1117,
14,Z-0029-07.wav,1,,774,
14,Z-0030-09.wav,1,,1057,
14,Z-0031-06.wav,1,,1016,
14,Z-0032-06.wav,1,,935,
14,Z-0033-09.wav,1,,1172,
14,Z-0034-08.wav,1,,1114,
14,Z-0035-09.wav,1,,1015,
14,Z-0036-06.wav,1,,1020,
14,Z-0037-05.wav,0,,1043,
14,Z-0038-05.wav,0,,1113,
14,Z-0039-08.wav,1,,963,
14,Z-0040-08.wav,0,,883,
14,Z-0041-05.wav,0,,850,
14,Z-0042-09.wav,0,,1088,
14,Z-0043-06.wav,0,,1201,
14,Z-0044-06.wav,0,,1211,
14,Z-0045-08.wav,0,,917,
14,Z-0046-06.wav,1,,763,
14,Z-0047-05.wav,1,,784,
14,Z-0048-07.wav,0,,653,
15,Z-0001-07.wav,0,,810,
15,Z-0002-09.wav,1,,716,
15,Z-0003-09.wav,1,,909,
15,Z-0004-07.wav,0,,701,
15,Z-0005-08.wav,0,,878,
15,Z-0006-07.wav,0,,1405,
15,Z-0007-07.wav,1,big d..k - onset of k listed,1209,
15,Z-0008-09.wav,0,,861,
15,Z-0009-06.wav,1,,1339,
15,Z-0010-06.wav,0,,939,
15,Z-0011-08.wav,1,THINK HE'S SAYING SMALL O,735,
15,Z-0012-08.wav,0,,741,
15,Z-0013-09.wav,1,,881,
15,Z-0014-05.wav,1,,913,
15,Z-0015-08.wav,1,,732,
15,Z-0016-09.wav,1,,724,
15,Z-0017-07.wav,1,,720,
15,Z-0018-06.wav,0,,1037,
15,Z-0019-06.wav,1,,838,
15,Z-0020-06.wav,1,,966,
15,Z-0021-09.wav,0,,1161,
15,Z-0022-08.wav,1,small z…s! - onset of s listed,1830,
15,Z-0023-08.wav,1,,1448,
15,Z-0024-07.wav,1,,883,
15,Z-0025-09.wav,1,,674,
15,Z-0026-06.wav,1,,778,
15,Z-0027-05.wav,1,,546,
15,Z-0028-08.wav,1,,857,
15,Z-0029-09.wav,1,,1070,
15,Z-0030-07.wav,1,,785,
15,Z-0031-07.wav,0,,843,
15,Z-0032-06.wav,1,,985,
15,Z-0033-08.wav,1,,854,
15,Z-0034-05.wav,0,,940,
15,Z-0035-07.wav,0,,1455,
15,Z-0036-09.wav,1,,734,
15,Z-0037-08.wav,1,,731,
15,Z-0038-07.wav,1,,744,
15,Z-0039-07.wav,1,,790,
15,Z-0040-07.wav,0,,731,
15,Z-0041-09.wav,1,,990,
15,Z-0042-09.wav,1,,844,
15,Z-0043-08.wav,1,,723,
15,Z-0044-06.wav,1,just says 'small' - small o,833,
15,Z-0045-05.wav,0,,816,
15,Z-0046-08.wav,1,,909,
15,Z-0047-06.wav,1,,904,
15,Z-0048-07.wav,1,,733,
17,Z-0001-07.wav,0,,1538,
17,Z-0002-09.wav,1,,1964,
17,Z-0003-07.wav,0,,2102,
17,Z-0004-06.wav,1,,2156,
17,Z-0005-09.wav,1,,1910,
17,Z-0006-08.wav,0,,1043,
17,Z-0007-08.wav,0,,1727,
17,Z-0008-05.wav,0,,1548,
17,Z-0009-06.wav,0,,1117,
17,Z-0010-05.wav,1,,1959,
17,Z-0011-06.wav,1,,1433,
17,Z-0012-09.wav,1,,1702,
17,Z-0013-06.wav,1,,1325,
17,Z-0014-06.wav,1,,1612,
17,Z-0015-05.wav,1,,1184,
17,Z-0016-08.wav,0,,1088,
17,Z-0017-09.wav,0,,1450,
17,Z-0018-07.wav,0,,1328,
17,Z-0019-06.wav,0,,1010,
17,Z-0020-08.wav,0,,1642,
17,Z-0021-06.wav,0,,927,
17,Z-0022-07.wav,1,,1315,
17,Z-0023-08.wav,1,,1435,
17,Z-0024-08.wav,1,,1426,
17,Z-0025-09.wav,1,,1198,
17,Z-0026-08.wav,1,,1404,
17,Z-0027-07.wav,1,,1491,
17,Z-0028-07.wav,0,,1455,
17,Z-0029-06.wav,0,,1131,
17,Z-0030-06.wav,0,,1221,
17,Z-0031-06.wav,1,,1296,
17,Z-0032-06.wav,1,,1346,
17,Z-0033-07.wav,1,,1100,
17,Z-0034-09.wav,0,,1327,
17,Z-0035-07.wav,1,,1369,
17,Z-0036-06.wav,1,,1219,
17,Z-0037-09.wav,1,,1510,
17,Z-0038-09.wav,1,,1419,
17,Z-0039-06.wav,0,,1025,
17,Z-0040-06.wav,0,,965,
17,Z-0041-09.wav,1,,1159,
17,Z-0042-08.wav,0,,1301,
17,Z-0043-07.wav,0,,1413,
17,Z-0044-07.wav,1,,928,
17,Z-0045-09.wav,0,,1372,
17,Z-0046-06.wav,0,,1004,
17,Z-0047-07.wav,0,,720,
17,Z-0048-09.wav,0,,920,
18,Z-0001-01.wav,0,,926,
18,Z-0002-08.wav,1,,1513,
18,Z-0003-06.wav,0,,1233,
18,Z-0004-07.wav,1,,1414,
18,Z-0005-09.wav,1,,1421,
18,Z-0006-06.wav,0,,1028,
18,Z-0007-07.wav,1,,1611,
18,Z-0008-07.wav,1,,1052,
18,Z-0009-08.wav,0,,649,
18,Z-0010-05.wav,0,originally down as a 1 but think it might be a 0 ('the' instead of 'big'),1472,
18,Z-0011-09.wav,1,,842,
18,Z-0012-07.wav,0,,1352,
18,Z-0013-05.wav,1,,1120,
18,Z-0014-07.wav,1,,1154,
18,Z-0015-08.wav,0,,1073,
18,Z-0016-07.wav,1,,1635,
18,Z-0017-07.wav,0,,946,
18,Z-0018-08.wav,1,,1164,
18,Z-0019-08.wav,1,,933,
18,Z-0020-09.wav,0,,1157,
18,Z-0021-07.wav,0,,793,
18,Z-0022-07.wav,0,,1234,
18,Z-0023-08.wav,0,,867,
18,Z-0024-07.wav,0,,890,
18,Z-0025-08.wav,0,,813,
18,Z-0026-04.wav,0,,796,
18,Z-0027-08.wav,1,tiny f,1259,
18,Z-0028-09.wav,1,,1461,
18,Z-0029-09.wav,1,,1269,
18,Z-0030-09.wav,1,,866,
18,Z-0031-05.wav,1,,1349,
18,Z-0032-09.wav,, b but sound cuts - about to say something else but the sound cuts out,,
18,Z-0033-06.wav,0,,1160,
18,Z-0034-09.wav,0,,1478,
18,Z-0035-08.wav,0,,822,
18,Z-0036-06.wav,1,,1260,
18,Z-0037-07.wav,0,,1364,
18,Z-0038-08.wav,1,,1072,
18,Z-0039-08.wav,1,,855,
18,Z-0040-05.wav,0,,953,
18,Z-0041-08.wav,0,,1091,
18,Z-0042-06.wav,0,,919,
18,Z-0043-07.wav,1,,900,
18,Z-0044-08.wav,0,,892,
18,Z-0045-09.wav,0,listener had to check 'e'? Speaker 'e',855,
18,Z-0046-07.wav,1,,1059,
18,Z-0047-09.wav,1,,760,
18,Z-0048-07.wav,1,,799,
19,Z-0001-08.wav,0,,1202,
19,Z-0002-02.wav,0,,821,
19,Z-0003-09.wav,1,,766,
19,Z-0004-08.wav,0,,1312,
19,Z-0005-09.wav,0,,1257,
19,Z-0006-05.wav,0,,808,
19,Z-0007-09.wav,0,,931,
19,Z-0008-06.wav,0,,1092,
19,Z-0009-08.wav,1,,937,
19,Z-0010-09.wav,1,,1002,
19,Z-0011-07.wav,1,,1041,
19,Z-0012-06.wav,1,,979,
19,Z-0013-07.wav,0,,1248,
19,Z-0014-08.wav,1,,896,
19,Z-0015-09.wav,0,,989,
19,Z-0016-07.wav,0,,870,
19,Z-0017-06.wav,1,,1311,
19,Z-0018-08.wav,1,,698,
19,Z-0019-06.wav,0,,1018,
19,Z-0020-06.wav,1,,995,
19,Z-0021-07.wav,1,,811,
19,Z-0022-06.wav,1,,756,
19,Z-0023-06.wav,1,,641,
19,Z-0024-08.wav,0,,859,
19,Z-0025-06.wav,1,,1220,
19,Z-0026-06.wav,0,,1171,
19,Z-0027-04.wav,1,,641,
19,Z-0028-09.wav,0,,823,
19,Z-0029-09.wav,0,,919,
19,Z-0030-07.wav,1,,673,
19,Z-0031-05.wav,0,,774,
19,Z-0032-09.wav,1,,736,
19,Z-0033-09.wav,0,,747,
19,Z-0034-07.wav,0,,946,
19,Z-0035-08.wav,1,,908,
19,Z-0036-05.wav,1,,877,
19,Z-0037-08.wav,1,,706,
19,Z-0038-06.wav,1,,853,
19,Z-0039-08.wav,0,,1227,
19,Z-0040-06.wav,1,,766,
19,Z-0041-07.wav,0,,755,
19,Z-0042-07.wav,0,,993,
19,Z-0043-09.wav,0,,881,
19,Z-0044-08.wav,1,,1020,
19,Z-0045-08.wav,0,e..e? e (listner required clarification),860,
19,Z-0046-07.wav,1,,863,
19,Z-0047-06.wav,1,,990,
19,Z-0048-07.wav,0,,855,
20,Z-0001-03.wav,0,,1488,
20,Z-0002-08.wav,1,,1044,
20,Z-0003-08.wav,1,,1161,
20,Z-0004-06.wav,0,,1034,
20,Z-0005-05.wav,0,,1676,
20,Z-0006-06.wav,0,,1272,
20,Z-0007-07.wav,1,,982,
20,Z-0008-08.wav,0,,1378,
20,Z-0009-06.wav,1,,885,
20,Z-0010-06.wav,0,t……..d… - onset of d listed ,2206,
20,Z-0011-08.wav,0,,1245,
20,Z-0012-07.wav,1,,1229,
20,Z-0013-07.wav,0,,1001,
20,Z-0014-06.wav,1,,1085,
20,Z-0015-06.wav,1,,1233,
20,Z-0016-06.wav,0,,951,
20,Z-0017-08.wav,0,,1259,
20,Z-0018-08.wav,0,,1225,
20,Z-0019-07.wav,1,,1217,
20,Z-0020-05.wav,1,,899,
20,Z-0021-08.wav,1,,810,
20,Z-0022-06.wav,1,,956,
20,Z-0023-06.wav,1,,1338,
20,Z-0024-07.wav,0,,1110,
20,Z-0025-05.wav,0,,1058,
20,Z-0026-08.wav,1,,910,
20,Z-0027-08.wav,0,,881,
20,Z-0028-07.wav,1,,1017,
20,Z-0029-06.wav,0,,922,
20,Z-0030-06.wav,0,,1069,
20,Z-0031-08.wav,0,,759,
20,Z-0032-06.wav,0,,989,
20,Z-0033-08.wav,1,,1107,
20,Z-0034-07.wav,1,,1017,
20,Z-0035-07.wav,1,,991,
20,Z-0036-09.wav,1,,1641,
20,Z-0037-09.wav,0,,1624,
20,Z-0038-07.wav,0,,1103,
20,Z-0039-05.wav,0,,896,
20,Z-0040-09.wav,0,,1039,
20,Z-0041-06.wav,0,,843,
20,Z-0042-05.wav,1,,972,
20,Z-0043-08.wav,1,,814,
20,Z-0044-08.wav,1,,1022,
20,Z-0045-07.wav,1,,952,
20,Z-0046-09.wav,0,,1895,
20,Z-0047-06.wav,1,,1053,
20,Z-0048-09.wav,1,,1268,
21,Z-0001-02.wav,0,,1019,
21,Z-0002-08.wav,1,,1220,
21,Z-0003-07.wav,0,,1257,
21,Z-0004-08.wav,1,,1354,
21,Z-0005-07.wav,1,,1396,
21,Z-0006-06.wav,1,,1473,
21,Z-0007-06.wav,1,,1370,
21,Z-0008-06.wav,0,,581,
21,Z-0009-06.wav,0,,1264,
21,Z-0010-09.wav,1,,1056,
21,Z-0011-06.wav,0,,996,
21,Z-0012-08.wav,0,,1204,
21,Z-0013-08.wav,1,,1501,
21,Z-0014-06.wav,1,,1017,
21,Z-0015-07.wav,1,,877,
21,Z-0016-08.wav,1,,1201,
21,Z-0017-08.wav,0,,1616,
21,Z-0018-05.wav,0,,772,
21,Z-0019-07.wav,0,,849,
21,Z-0020-07.wav,1,,870,
21,Z-0021-09.wav,0,,710,
21,Z-0022-08.wav,0,,748,
21,Z-0023-09.wav,0,,787,
21,Z-0024-06.wav,1,,969,
21,Z-0025-08.wav,0,,805,
21,Z-0026-06.wav,1,,1116,
21,Z-0027-01.wav,0,,906,
21,Z-0028-09.wav,1,,1164,
21,Z-0029-06.wav,1,,1001,
21,Z-0030-07.wav,0,,785,
21,Z-0031-08.wav,1,,1061,
21,Z-0032-06.wav,0,,715,
21,Z-0033-06.wav,1,,758,
21,Z-0034-09.wav,1,,971,
21,Z-0035-05.wav,0,,982,
21,Z-0036-09.wav,0,,1229,
21,Z-0037-08.wav,1,,601,
21,Z-0038-07.wav,0,,857,
21,Z-0039-07.wav,0,,685,
21,Z-0040-07.wav,1,,935,
21,Z-0041-07.wav,1,,893,
21,Z-0042-05.wav,0,,1041,
21,Z-0043-09.wav,0,,781,
21,Z-0044-09.wav,0,,877,
21,Z-0045-06.wav,1,,1036,
21,Z-0046-06.wav,1,,861,
21,Z-0047-08.wav,0,,863,
21,Z-0048-06.wav,1,,864,
22,Z-0001-08.wav,1,,982,
22,Z-0002-01.wav,0,,879,
22,Z-0003-06.wav,1,,703,
22,Z-0004-09.wav,1,,618,
22,Z-0005-07.wav,1,,822,
22,Z-0006-09.wav,0,,646,
22,Z-0007-06.wav,1,,650,
22,Z-0008-09.wav,1,,925,
22,Z-0009-08.wav,1,,778,
22,Z-0010-07.wav,0,,649,
22,Z-0011-09.wav,0,,781,
22,Z-0012-08.wav,1,,658,
22,Z-0013-07.wav,1,,858,
22,Z-0014-06.wav,1,,815,
22,Z-0015-06.wav,0,,854,
22,Z-0016-08.wav,1,,623,
22,Z-0017-07.wav,0,,774,
22,Z-0018-07.wav,0,,832,
22,Z-0019-08.wav,0,,1273,
22,Z-0020-06.wav,0,,1440,
22,Z-0021-07.wav,0,,913,
22,Z-0022-08.wav,0,,982,
22,Z-0023-06.wav,0,,771,
22,Z-0024-05.wav,1,,635,
22,Z-0025-08.wav,1,,834,
22,Z-0026-08.wav,0,,1664,
22,Z-0027-09.wav,0,,820,
22,Z-0028-05.wav,0,,797,
22,Z-0029-09.wav,0,,734,
22,Z-0030-05.wav,1,,885,
22,Z-0031-09.wav,1,,884,
22,Z-0032-08.wav,1,,1076,
22,Z-0033-06.wav,1,,798,
22,Z-0034-09.wav,1,,997,
22,Z-0035-08.wav,0,,1323,
22,Z-0036-08.wav,1,,927,
22,Z-0037-09.wav,1,,1296,
22,Z-0038-06.wav,1,,1067,
22,Z-0039-07.wav,0,,898,
22,Z-0040-07.wav,1,,901,
22,Z-0041-08.wav,0,,1540,
22,Z-0042-06.wav,0,,752,
22,Z-0043-07.wav,1,,673,
22,Z-0044-06.wav,0,,958,
22,Z-0045-09.wav,0,,934,
22,Z-0046-09.wav,0,,816,
22,Z-0047-09.wav,1,,905,
22,Z-0048-09.wav,0,,910,
23,Z-0001-06.wav,1,,1082,
23,Z-0002-09.wav,0,,1370,
23,Z-0003-06.wav,1,,2175,
23,Z-0004-08.wav,1,,2299,
23,Z-0005-08.wav,0,,2032,
23,Z-0006-06.wav,1,,1332,
23,Z-0007-08.wav,0,,1632,
23,Z-0008-08.wav,0,,742,
23,Z-0009-07.wav,1,,853,
23,Z-0010-06.wav,1,,1185,
23,Z-0011-08.wav,0,,2176,
23,Z-0012-08.wav,0,,1149,
23,Z-0013-09.wav,0,,1575,
23,Z-0014-06.wav,1,,2053,
23,Z-0015-06.wav,1,,1515,
23,Z-0016-09.wav,0,,2471,
23,Z-0017-05.wav,0,,1028,
23,Z-0018-09.wav,0,,1941,
23,Z-0019-09.wav,1,,1356,
23,Z-0020-08.wav,1,,3360,
23,Z-0021-08.wav,0,,1264,
23,Z-0022-07.wav,1,,3921,
23,Z-0023-08.wav,0,,1793,
23,Z-0024-09.wav,1,,2412,
23,Z-0025-06.wav,0,,2833,
23,Z-0026-09.wav,1,,1146,
23,Z-0027-06.wav,1,,1905,
23,Z-0028-09.wav,1,,1607,
23,Z-0029-09.wav,1,,1971,
23,Z-0030-08.wav,1,,1607,
23,Z-0031-06.wav,0,,2002,
23,Z-0032-07.wav,0,,1384,
23,Z-0033-08.wav,0,,1733,
23,Z-0034-08.wav,1,,1209,
23,Z-0035-07.wav,1,,1488,
23,Z-0036-08.wav,0,,1082,
23,Z-0037-06.wav,0,,1700,
23,Z-0038-09.wav,1,,941,
23,Z-0039-05.wav,0,,1551,
23,Z-0040-09.wav,0,,1737,
23,Z-0041-07.wav,0,,2035,
23,Z-0042-07.wav,1,,1866,
23,Z-0043-08.wav,0,,1653,
23,Z-0044-06.wav,0,,1592,
23,Z-0045-07.wav,0,,2153,
23,Z-0046-06.wav,1,,2188,
23,Z-0047-06.wav,1,,1152,
23,Z-0048-07.wav,1,,1265,
25,Z-0001-07.wav,1,,970,
25,Z-0002-07.wav,1,,1028,
25,Z-0003-08.wav,0,,1507,
25,Z-0004-06.wav,1,,1130,
25,Z-0005-06.wav,1,,1159,
25,Z-0006-06.wav,0,,2191,
25,Z-0007-09.wav,1,,1235,
25,Z-0008-08.wav,0,,1508,
25,Z-0009-09.wav,1,,1377,
25,Z-0010-09.wav,0,,1138,
25,Z-0011-07.wav,0,,936,
25,Z-0012-07.wav,0,,1600,
25,Z-0013-09.wav,1,,1089,
25,Z-0014-09.wav,1,,1325,
25,Z-0015-06.wav,0,,2106,
25,Z-0016-07.wav,1,,1490,
25,Z-0017-09.wav,0,,2164,
25,Z-0018-07.wav,0,,1132,
25,Z-0019-05.wav,0,,1351,
25,Z-0020-09.wav,1,,1829,
25,Z-0021-06.wav,0,,1349,
25,Z-0022-08.wav,0,,957,
25,Z-0023-07.wav,1,,1209,
25,Z-0024-09.wav,1,,1133,
25,Z-0025-06.wav,0,,1515,
25,Z-0026-07.wav,0,,1841,
25,Z-0027-08.wav,0,,1355,
25,Z-0028-07.wav,1,,1793,
25,Z-0029-06.wav,0,,1538,
25,Z-0030-02.wav,1,,969,
25,Z-0031-08.wav,1,,1179,
25,Z-0032-06.wav,1,,1137,
25,Z-0033-06.wav,1,,877,
25,Z-0034-06.wav,1,,2271,
25,Z-0035-06.wav,1,,1507,
25,Z-0036-08.wav,1,,781,
25,Z-0037-06.wav,0,,1143,
25,Z-0038-09.wav,1,,1058,
25,Z-0039-06.wav,0,,1253,
25,Z-0040-07.wav,0,,2044,
25,Z-0041-06.wav,1,,1542,
25,Z-0042-06.wav,0,,1336,
25,Z-0043-08.wav,1,,1469,
25,Z-0044-09.wav,0,,1099,
25,Z-0045-08.wav,0,,1115,
25,Z-0046-09.wav,1,,820,
25,Z-0047-06.wav,1,,1144,
25,Z-0048-06.wav,0,,1300,
26,Z-0001-01.wav,0,,818,
26,Z-0002-08.wav,0,,1260,
26,Z-0003-07.wav,1,,1148,
26,Z-0004-08.wav,1,,790,
26,Z-0005-06.wav,0,,1111,
26,Z-0006-08.wav,1,,1066,
26,Z-0007-09.wav,0,,852,
26,Z-0008-06.wav,0,,1047,
26,Z-0009-09.wav,1,,771,
26,Z-0010-06.wav,1,,815,
26,Z-0011-08.wav,0,,1306,
26,Z-0012-06.wav,1,,1150,
26,Z-0013-06.wav,0,,861,
26,Z-0014-06.wav,1,,1355,
26,Z-0015-08.wav,0,,817,
26,Z-0016-08.wav,0,,805,
26,Z-0017-05.wav,0,,754,
26,Z-0018-08.wav,1,,946,
26,Z-0019-08.wav,1,,897,
26,Z-0020-09.wav,1,,917,
26,Z-0021-06.wav,1,,702,
26,Z-0022-07.wav,0,,699,
26,Z-0023-09.wav,1,,905,
26,Z-0024-08.wav,0,,1122,
26,Z-0025-08.wav,1,,805,
26,Z-0026-06.wav,1,,1111,
26,Z-0027-07.wav,0,,991,
26,Z-0028-06.wav,1,,834,
26,Z-0029-07.wav,0,,757,
26,Z-0030-08.wav,1,,881,
26,Z-0031-06.wav,0,,916,
26,Z-0032-05.wav,1,,999,
26,Z-0033-07.wav,1,,838,
26,Z-0034-06.wav,1,,1063,
26,Z-0035-09.wav,0,,888,
26,Z-0036-06.wav,0,,1123,
26,Z-0037-06.wav,0,,726,
26,Z-0038-08.wav,0,,845,
26,Z-0039-08.wav,1,,868,
26,Z-0040-06.wav,1,,771,
26,Z-0041-08.wav,0,,790,
26,Z-0042-09.wav,1,,812,
26,Z-0043-05.wav,1,,969,
26,Z-0044-08.wav,1,,703,
26,Z-0045-09.wav,0,,647,
26,Z-0046-06.wav,0,,787,
26,Z-0047-08.wav,0,,660,
26,Z-0048-06.wav,0,,780,
27,Z-0001-04.wav,1,,991,
27,Z-0002-06.wav,0,,914,
27,Z-0003-09.wav,0,,1168,
27,Z-0004-06.wav,1,,1258,
27,Z-0005-06.wav,0,,1204,
27,Z-0006-09.wav,1,,1029,
27,Z-0007-07.wav,0,RE the a..the smaller a - onset of smaller listed,1613,
27,Z-0008-07.wav,1,,1590,
27,Z-0009-06.wav,0,,1080,
27,Z-0010-06.wav,1,,1178,
27,Z-0011-07.wav,1,,1271,
27,Z-0012-08.wav,1,,879,
27,Z-0013-06.wav,1,,969,
27,Z-0014-09.wav,0,,1295,
27,Z-0015-06.wav,0,,1393,
27,Z-0016-07.wav,1,,969,
27,Z-0017-07.wav,1,,1010,
27,Z-0018-06.wav,0,,1141,
27,Z-0019-07.wav,0,,1347,
27,Z-0020-09.wav,0,,1136,
27,Z-0021-05.wav,0,,1166,
27,Z-0022-08.wav,0,,1354,
27,Z-0023-05.wav,1,,931,
27,Z-0024-06.wav,0,,1232,
27,Z-0025-07.wav,1,,1351,
27,Z-0026-06.wav,0,,1031,
27,Z-0027-03.wav,1,,978,
27,Z-0028-09.wav,1,,1609,
27,Z-0029-08.wav,0,,1071,
27,Z-0030-06.wav,1,,1138,
27,Z-0031-06.wav,0,,1371,
27,Z-0032-06.wav,1,,1334,
27,Z-0033-08.wav,1,,932,
27,Z-0034-06.wav,1,,1126,
27,Z-0035-08.wav,1,,1112,
27,Z-0036-06.wav,1,,1035,
27,Z-0037-08.wav,0,,1080,
27,Z-0038-07.wav,0,,1287,
27,Z-0039-05.wav,0,,1256,
27,Z-0040-07.wav,0,,1526,
27,Z-0041-09.wav,0,,1176,
27,Z-0042-06.wav,0,,1526,
27,Z-0043-07.wav,0,,1129,
27,Z-0044-07.wav,1,,1250,
27,Z-0045-06.wav,1,,833,
27,Z-0046-09.wav,0,,1039,
27,Z-0047-09.wav,1,,1276,
27,Z-0048-07.wav,0,,1185,
28,Z-0001-08.wav,1,,1473,
28,Z-0002-02.wav,0,,1761,
28,Z-0003-06.wav,0,,1806,
28,Z-0004-09.wav,0,,1472,
28,Z-0005-09.wav,0,,1267,
28,Z-0006-09.wav,1,,1390,
28,Z-0007-09.wav,0,v as in violet,842,
28,Z-0008-09.wav,1,,1345,
28,Z-0009-09.wav,0,,1598,
28,Z-0010-06.wav,1,,1734,
28,Z-0011-09.wav,1,,1348,
28,Z-0012-09.wav,1,,972,
28,Z-0013-05.wav,1,,1083,
28,Z-0014-07.wav,1,,1181,
28,Z-0015-07.wav,1,,1272,
28,Z-0016-08.wav,0,,1247,
28,Z-0017-07.wav,1,,1008,
28,Z-0018-05.wav,1,,947,
28,Z-0019-09.wav,1,,1198,
28,Z-0020-07.wav,1,,1042,
28,Z-0021-09.wav,1,,952,
28,Z-0022-06.wav,0,,1405,
28,Z-0023-08.wav,0,,1226,
28,Z-0024-07.wav,1,,1311,
28,Z-0025-07.wav,1,smaller capital L,1505,
28,Z-0026-06.wav,1,,1094,
28,Z-0027-08.wav,1,smaller capital G,1476,
28,Z-0028-06.wav,0,,1145,
28,Z-0029-09.wav,1,,1146,
28,Z-0030-07.wav,0,,1906,
28,Z-0031-06.wav,1,,1608,
28,Z-0032-08.wav,1,,995,
28,Z-0033-05.wav,0,,1784,
28,Z-0034-08.wav,0,,1232,
28,Z-0035-09.wav,1,,1158,
28,Z-0036-05.wav,1,,1068,
28,Z-0037-08.wav,0,,2187,
28,Z-0038-09.wav,1,,1629,
28,Z-0039-06.wav,1,,1377,
28,Z-0040-08.wav,0,,1774,
28,Z-0041-08.wav,0,,1446,
28,Z-0042-07.wav,0,,1536,
28,Z-0043-08.wav,0,,1529,
28,Z-0044-08.wav,1,,1187,
28,Z-0045-09.wav,1,,1642,
28,Z-0046-07.wav,0,,1363,
28,Z-0047-05.wav,0,,1736,
28,Z-0048-06.wav,0,,1188,
29,Z-0001-09.wav,0,,1198,
29,Z-0002-08.wav,1,,1119,
29,Z-0003-09.wav,1,,1055,
29,Z-0004-07.wav,0,c…which one? Small c,5907,
29,Z-0005-06.wav,0,,832,
29,Z-0006-07.wav,1,,1149,
29,Z-0007-07.wav,1,,1192,
29,Z-0008-07.wav,0,,1299,
29,Z-0009-06.wav,1,,1635,
29,Z-0010-07.wav,0,,1206,
29,Z-0011-05.wav,1,,1300,
29,Z-0012-07.wav,1,,1249,
29,Z-0013-07.wav,0,,1305,
29,Z-0014-07.wav,1,,1183,
29,Z-0015-08.wav,0,,1101,
29,Z-0016-08.wav,0,,1236,
29,Z-0017-06.wav,1,,1345,
29,Z-0018-07.wav,1,,912,
29,Z-0019-08.wav,1,,878,
29,Z-0020-07.wav,0,,1224,
29,Z-0021-09.wav,0,,1122,
29,Z-0022-05.wav,0,,1062,
29,Z-0023-05.wav,0,,1016,
29,Z-0024-09.wav,0,,1435,
29,Z-0025-08.wav,0,,1470,
29,Z-0026-06.wav,1,,1883,
29,Z-0027-08.wav,1,,1954,
29,Z-0028-08.wav,1,,1443,
29,Z-0029-06.wav,1,,1084,
29,Z-0030-05.wav,1,,1293,
29,Z-0031-07.wav,0,,1203,
29,Z-0032-09.wav,1,,1428,
29,Z-0033-08.wav,0,,2238,
29,Z-0034-09.wav,0,,1375,
29,Z-0035-08.wav,0,,1572,
29,Z-0036-07.wav,1,,1043,
29,Z-0037-07.wav,1,,1205,
29,Z-0038-08.wav,0,,883,
29,Z-0039-08.wav,1,,1144,
29,Z-0040-09.wav,1,,911,
29,Z-0041-05.wav,0,,2923,
29,Z-0042-06.wav,1,,1131,
29,Z-0043-06.wav,1,,1218,
29,Z-0044-07.wav,0,,1093,
29,Z-0045-05.wav,0,,1290,
29,Z-0046-06.wav,0,,1222,
29,Z-0047-08.wav,0,,625,
29,Z-0048-08.wav,0,,1110,
30,Z-0001-07.wav,1,j the bigger one,1148,
30,Z-0002-08.wav,1,,1072,
30,Z-0003-07.wav,0,,846,
30,Z-0004-09.wav,0,,812,
30,Z-0005-09.wav,1,,1472,
30,Z-0006-06.wav,1,,1020,
30,Z-0007-07.wav,1,,955,
30,Z-0008-09.wav,1,,1077,
30,Z-0009-07.wav,1,,791,
30,Z-0010-08.wav,1,,946,
30,Z-0011-07.wav,0,,860,
30,Z-0012-07.wav,1,,1099,
30,Z-0013-08.wav,0,,817,
30,Z-0014-07.wav,0,,974,
30,Z-0015-06.wav,0,,744,
30,Z-0016-06.wav,0,,1083,
30,Z-0017-06.wav,1,,808,
30,Z-0018-06.wav,1,,799,
30,Z-0019-09.wav,0,hard to find onset,1012,
30,Z-0020-07.wav,0,,775,
30,Z-0021-07.wav,0,,827,
30,Z-0022-08.wav,0,,662,
30,Z-0023-06.wav,0,,584,
30,Z-0024-07.wav,1,,640,
30,Z-0025-09.wav,1,,1098,
30,Z-0026-06.wav,0,,988,
30,Z-0027-06.wav,0,,902,
30,Z-0028-09.wav,1,,1399,
30,Z-0029-08.wav,0,,797,
30,Z-0030-07.wav,0,,917,
30,Z-0031-06.wav,0,,591,
30,Z-0032-06.wav,0,,751,
30,Z-0033-07.wav,1,,1161,
30,Z-0034-07.wav,0,,937,
30,Z-0035-09.wav,0,,837,
30,Z-0036-07.wav,1,,661,
30,Z-0037-07.wav,1,z sss..big one  -onset of z listed,732,
30,Z-0038-06.wav,1,,666,
30,Z-0039-08.wav,0,,657,
30,Z-0040-06.wav,1,,866,
30,Z-0041-08.wav,1,,643,
30,Z-0042-08.wav,1,,1016,
30,Z-0043-06.wav,1,,968,
30,Z-0044-05.wav,1,,695,
30,Z-0045-09.wav,1,,666,
30,Z-0046-08.wav,0,,553,
30,Z-0047-08.wav,0,,698,
30,Z-0048-06.wav,0,,969,
31,Z-0001-09.wav,1,,977,
31,Z-0002-08.wav,1,,1265,
31,Z-0003-07.wav,0,,994,
31,Z-0004-06.wav,0,,1054,
31,Z-0005-09.wav,0,,983,
31,Z-0006-09.wav,1,,1362,
31,Z-0007-06.wav,1,,1320,
31,Z-0008-07.wav,0,,860,
31,Z-0009-06.wav,0,,825,
31,Z-0010-06.wav,0,,1116,
31,Z-0011-08.wav,0,,896,
31,Z-0012-07.wav,1,,1728,
31,Z-0013-08.wav,0,,1115,
31,Z-0014-07.wav,1,,1036,
31,Z-0015-08.wav,1,,835,
31,Z-0016-06.wav,1,,928,
31,Z-0017-09.wav,0,,1269,
31,Z-0018-07.wav,0,,886,
31,Z-0019-08.wav,1,,1806,
31,Z-0020-09.wav,1,,838,
31,Z-0021-06.wav,1,,821,
31,Z-0022-09.wav,0,,722,
31,Z-0023-08.wav,0,,1119,
31,Z-0024-09.wav,1,,785,
31,Z-0025-09.wav,1,,1568,
31,Z-0026-03.wav,1,,1025,
31,Z-0027-06.wav,1,,954,
31,Z-0028-08.wav,0,,1595,
31,Z-0029-08.wav,0,,915,
31,Z-0030-06.wav,1,,861,
31,Z-0031-09.wav,0,,907,
31,Z-0032-06.wav,0,,1134,
31,Z-0033-06.wav,0,,1375,
31,Z-0034-09.wav,1,,1172,
31,Z-0035-08.wav,1,,1090,
31,Z-0036-05.wav,1,,1135,
31,Z-0037-08.wav,1,,1142,
31,Z-0038-06.wav,0,,1765,
31,Z-0039-07.wav,0,,1652,
31,Z-0040-06.wav,0,,863,
31,Z-0041-08.wav,0,,1301,
31,Z-0042-09.wav,0,,738,
31,Z-0043-07.wav,1,hard to find onset,2740,
31,Z-0044-08.wav,0,,988,
31,Z-0045-07.wav,0,,1053,
31,Z-0046-06.wav,1,,1629,
31,Z-0047-09.wav,0,,1290,
31,Z-0048-07.wav,1,,1389,
32,Z-0001-07.wav,0,,828,
32,Z-0002-04.wav,1,,808,
32,Z-0003-08.wav,1,,802,
32,Z-0004-06.wav,0,,740,
32,Z-0005-06.wav,0,,1358,
32,Z-0006-08.wav,0,,1106,
32,Z-0007-09.wav,0,,1567,
32,Z-0008-05.wav,0,,1157,
32,Z-0009-09.wav,1,,1135,
32,Z-0010-07.wav,1,,1308,
32,Z-0011-07.wav,1,,1266,
32,Z-0012-09.wav,0,,1011,
32,Z-0013-09.wav,1,,1028,
32,Z-0014-07.wav,0,,1209,
32,Z-0015-06.wav,1,,1021,
32,Z-0016-08.wav,1,,970,
32,Z-0017-07.wav,1,,863,
32,Z-0018-09.wav,1,,853,
32,Z-0019-06.wav,0,,1186,
32,Z-0020-06.wav,0,,1046,
32,Z-0021-06.wav,0,,818,
32,Z-0022-07.wav,0,,1011,
32,Z-0023-05.wav,1,,732,
32,Z-0024-08.wav,1,,799,
32,Z-0025-08.wav,0,,1151,
32,Z-0026-06.wav,1,small a ...e  onset of e (the correction) listed,2235,
32,Z-0027-08.wav,0,,1113,
32,Z-0028-07.wav,0,,1231,
32,Z-0029-07.wav,0,,1265,
32,Z-0030-06.wav,0,,1073,
32,Z-0031-07.wav,1,,1017,
32,Z-0032-08.wav,0,,1334,
32,Z-0033-08.wav,0,,916,
32,Z-0034-06.wav,0,,1069,
32,Z-0035-05.wav,0,,1267,
32,Z-0036-05.wav,1,,1027,
32,Z-0037-07.wav,0,,1125,
32,Z-0038-06.wav,0,,1226,
32,Z-0039-08.wav,1,,785,
32,Z-0040-06.wav,1,,1148,
32,Z-0041-09.wav,1,,888,
32,Z-0042-07.wav,1,,1213,
32,Z-0043-06.wav,1,,1117,
32,Z-0044-09.wav,1,,1268,
32,Z-0045-08.wav,1,,1075,
32,Z-0046-09.wav,1,,1001,
32,Z-0047-07.wav,1,,939,
32,Z-0048-08.wav,0,,996,
33,Z-0001-09.wav,0,,1302,
33,Z-0002-09.wav,1,,1179,
33,Z-0003-02.wav,1,,1100,
33,Z-0004-06.wav,0,,1174,
33,Z-0005-08.wav,0,,1309,
33,Z-0006-07.wav,1,,1364,
33,Z-0007-08.wav,0,,1238,
33,Z-0008-08.wav,0,,1434,
33,Z-0009-07.wav,0,,1070,
33,Z-0010-08.wav,0,,1292,
33,Z-0011-07.wav,0,,1183,
33,Z-0012-06.wav,0,,1245,
33,Z-0013-08.wav,1,,1467,
33,Z-0014-09.wav,1,,1084,
33,Z-0015-05.wav,0,,1122,
33,Z-0016-09.wav,0,,1298,
33,Z-0017-07.wav,0,,1524,
33,Z-0018-06.wav,1,,1520,
33,Z-0019-09.wav,1,,1148,
33,Z-0020-09.wav,1,,1152,
33,Z-0021-07.wav,1,,1174,
33,Z-0022-06.wav,1,,1225,
33,Z-0023-07.wav,1,,1087,
33,Z-0024-08.wav,1,,958,
33,Z-0025-07.wav,1,,1262,
33,Z-0026-07.wav,1,,1169,
33,Z-0027-07.wav,0,,1986,
33,Z-0028-02.wav,1,,1074,
33,Z-0029-08.wav,0,,2255,
33,Z-0030-06.wav,0,,1579,
33,Z-0031-08.wav,0,,1559,
33,Z-0032-08.wav,1,,1299,
33,Z-0033-08.wav,0,,2034,
33,Z-0034-06.wav,0,,1589,
33,Z-0035-09.wav,1,,1265,
33,Z-0036-05.wav,1,,1307,
33,Z-0037-09.wav,0,,1198,
33,Z-0038-06.wav,1,,1564,
33,Z-0039-07.wav,1,,1162,
33,Z-0040-07.wav,1,,1354,
33,Z-0041-09.wav,1,,1156,
33,Z-0042-09.wav,0,,1179,
33,Z-0043-08.wav,0,,1565,
33,Z-0044-06.wav,1,,1157,
33,Z-0045-06.wav,1,,1545,
33,Z-0046-08.wav,0,,1258,
33,Z-0047-08.wav,1,,1018,
33,Z-0048-06.wav,0,,1611,
35,Z-0001-09.wav,1,,1689,
35,Z-0002-07.wav,0,hard to find onset,1804,
35,Z-0003-02.wav,1,,1313,
35,Z-0004-08.wav,0,,1567,
35,Z-0005-07.wav,0,,1225,
35,Z-0006-07.wav,0,,1222,
35,Z-0007-06.wav,1,,1413,
35,Z-0008-09.wav,0,,1381,
35,Z-0009-08.wav,1,,964,
35,Z-0010-09.wav,1,,1180,
35,Z-0011-06.wav,0,,1308,
35,Z-0012-05.wav,0,the f (e at the and eh for f run together),1542,
35,Z-0013-08.wav,0,,1579,
35,Z-0014-09.wav,1,,1200,
35,Z-0015-06.wav,0,,1451,
35,Z-0016-09.wav,1,,1314,
35,Z-0017-07.wav,1,,1257,
35,Z-0018-07.wav,1,,1061,
35,Z-0019-09.wav,1,,1243,
35,Z-0020-06.wav,1,,1315,
35,Z-0021-06.wav,0,,1633,
35,Z-0022-07.wav,1,,1125,
35,Z-0023-09.wav,0,,1283,
35,Z-0024-08.wav,0,,1473,
35,Z-0025-06.wav,0,,1475,
35,Z-0026-08.wav,1,,950,
35,Z-0027-03.wav,0,,1651,
35,Z-0028-09.wav,1,,910,
35,Z-0029-07.wav,0,,1043,
35,Z-0030-09.wav,0,,1114,
35,Z-0031-09.wav,1,,881,
35,Z-0032-06.wav,1,,936,
35,Z-0033-09.wav,1,,989,
35,Z-0034-05.wav,0,,1357,
35,Z-0035-06.wav,1,,980,
35,Z-0036-08.wav,1,,1011,
35,Z-0037-06.wav,1,,759,
35,Z-0038-06.wav,0,,1234,
35,Z-0039-06.wav,1,,1303,
35,Z-0040-06.wav,1,,1065,
35,Z-0041-08.wav,0,,1165,
35,Z-0042-09.wav,1,,1407,
35,Z-0043-06.wav,1,,987,
35,Z-0044-06.wav,0,,1328,
35,Z-0045-08.wav,0,,1033,
35,Z-0046-06.wav,0,,1433,
35,Z-0047-08.wav,0,,1490,
35,Z-0048-06.wav,0,,886,
38,Z-0001-06.wav,1,emm it’s the smaller blue v,2229,
38,Z-0002-07.wav,0,light blue capital b onset of blue listed,1864,
38,Z-0003-08.wav,1,"it’s the c, the light blue bigger one (onet bigger)",2653,
38,Z-0004-06.wav,0,dark blue f -onset blue,3095,
38,Z-0005-09.wav,0,captial u the bright pink - onset u ,1741,
38,Z-0006-06.wav,0,capital I it's purple - onset I ,3876,
38,Z-0007-08.wav,1,big red w ,1560,
38,Z-0008-09.wav,1,"small red k, no sorry its orange - onset small",1356,
38,Z-0009-06.wav,0,captial n its red - onset n ,2016,
38,Z-0010-07.wav,0,blue L,3322,
38,Z-0011-05.wav,0,the capital d its red  - onset d ,2337,
38,Z-0012-07.wav,1,the big blue j,1469,
38,Z-0013-07.wav,1,small purple x ,1590,
38,Z-0014-08.wav,1,small purple a oh it’s the only one there sorry -onset small,1266,
38,Z-0015-06.wav,0,green h ,1422,
38,Z-0016-06.wav,1,the big purple no orange m - onset big?,1167,
38,Z-0017-07.wav,1,the big blue p ,1827,
38,Z-0018-08.wav,1,small blue q ,1005,
38,Z-0019-07.wav,1,small green r ,824,
38,Z-0020-08.wav,0,red g,1100,
38,Z-0021-07.wav,0,green s ,1109,
38,Z-0022-06.wav,0,purple o ,1580,
38,Z-0023-09.wav,1,small red e ,767,
38,Z-0024-07.wav,0,blue z ,1076,
38,Z-0025-07.wav,1,small purple u ,1262,
38,Z-0026-05.wav,0,the blue t ,2186,
38,Z-0027-08.wav,0,green a ,828,
38,Z-0028-07.wav,0,purple z ,2185,
38,Z-0029-06.wav,1,small purple d ,888,
38,Z-0030-06.wav,1,big red n,1346,
38,Z-0031-07.wav,1,big pink g..purple g - onset of big listed,1157,
38,Z-0032-07.wav,1,small blue y ,2108,
38,Z-0033-06.wav,1,small pink m ,923,
38,Z-0034-06.wav,0,pin..purple k - onset purple,1812,
38,Z-0035-06.wav,1,big orange o ,916,
38,Z-0036-09.wav,1,small blue w ,1110,
38,Z-0037-08.wav,1,big pink q ,1092,
38,Z-0038-06.wav,0,blue I ,1282,
38,Z-0039-06.wav,0,pink s ,971,
38,Z-0040-05.wav,1,big blue e ,1281,
38,Z-0041-07.wav,0,green r ,1729,
38,Z-0042-09.wav,0,blu..green j - onset green listed,1426,
38,Z-0043-06.wav,0,blue L,1105,
38,Z-0044-08.wav,0,pink..purple c - onset of purple listed,2527,
38,Z-0045-08.wav,1,mnnsss big pink v ,1420,
38,Z-0046-09.wav,0,pink h (cuts off at end of h),1209,
38,Z-0047-06.wav,0,red x,793,
38,Z-0048-09.wav,1,sm small pink f (onset of 2nd small),1461,
39,Z-0001-07.wav,0,,1224,
39,Z-0002-07.wav,0,,991,
39,Z-0003-07.wav,1,,759,
39,Z-0004-01.wav,1,,829,
39,Z-0005-06.wav,1,,847,
39,Z-0006-06.wav,0,,990,
39,Z-0007-09.wav,0,,1219,
39,Z-0008-08.wav,1,,1337,
39,Z-0009-05.wav,1,,858,
39,Z-0010-07.wav,1,,1135,
39,Z-0011-07.wav,1,,1285,
39,Z-0012-07.wav,0,,937,
39,Z-0013-08.wav,1,,965,
39,Z-0014-06.wav,0,,1082,
39,Z-0015-08.wav,0,,946,
39,Z-0016-06.wav,0,,1112,
39,Z-0017-08.wav,0,,942,
39,Z-0018-06.wav,1,,947,
39,Z-0019-08.wav,1,,780,
39,Z-0020-06.wav,0,,1076,
39,Z-0021-07.wav,1,,878,
39,Z-0022-06.wav,0,,1112,
39,Z-0023-06.wav,0,,1556,
39,Z-0024-07.wav,1,,978,
39,Z-0025-08.wav,0,,1214,
39,Z-0026-08.wav,0,,1185,
39,Z-0027-06.wav,1,,810,
39,Z-0028-07.wav,0,,1316,
39,Z-0029-09.wav,1,,1019,
39,Z-0030-07.wav,1,,1056,
39,Z-0031-09.wav,0,,1264,
39,Z-0032-07.wav,0,,1092,
39,Z-0033-06.wav,1,,1348,
39,Z-0034-09.wav,0,,668,
39,Z-0035-05.wav,1,,743,
39,Z-0036-09.wav,1,,859,
39,Z-0037-09.wav,0,j big j,1446,
39,Z-0038-06.wav,0,,1220,
39,Z-0039-06.wav,1,,1021,
39,Z-0040-09.wav,0,,1095,
39,Z-0041-07.wav,0,,1035,
39,Z-0042-05.wav,1,,892,
39,Z-0043-09.wav,0,,817,
39,Z-0044-08.wav,1,,966,
39,Z-0045-08.wav,0,,920,
39,Z-0046-08.wav,0,,955,
39,Z-0047-06.wav,1,,1264,
39,Z-0048-05.wav,1,,1073,
41,Z-0001-06.wav,0,,826,
41,Z-0002-07.wav,1,,876,
41,Z-0003-02.wav,1,,660,
41,Z-0004-08.wav,0,,748,
41,Z-0005-07.wav,1,,721,
41,Z-0006-09.wav,0,,719,
41,Z-0007-08.wav,0,,801,
41,Z-0008-06.wav,1,,748,
41,Z-0009-06.wav,0,,994,
41,Z-0010-05.wav,1,,735,
41,Z-0011-06.wav,0,,653,
41,Z-0012-09.wav,0,,734,
41,Z-0013-07.wav,1,,820,
41,Z-0014-09.wav,1,,843,
41,Z-0015-09.wav,1,,699,
41,Z-0016-06.wav,1,,795,
41,Z-0017-09.wav,1,,810,
41,Z-0018-08.wav,0,,850,
41,Z-0019-05.wav,0,,716,
41,Z-0020-08.wav,0,,835,
41,Z-0021-08.wav,0,,704,
41,Z-0022-06.wav,0,,986,
41,Z-0023-05.wav,1,,863,
41,Z-0024-09.wav,1,,748,
41,Z-0025-06.wav,0,,1205,
41,Z-0026-08.wav,1,,1262,
41,Z-0027-06.wav,1,,1758,
41,Z-0028-06.wav,1,,1385,
41,Z-0029-08.wav,0,,960,
41,Z-0030-06.wav,1,,1287,
41,Z-0031-06.wav,0,,1143,
41,Z-0032-07.wav,1,,1179,
41,Z-0033-09.wav,1,,940,
41,Z-0034-09.wav,0,,1174,
41,Z-0035-09.wav,0,,763,
41,Z-0036-06.wav,0,,890,
41,Z-0037-06.wav,1,,936,
41,Z-0038-09.wav,0,,902,
41,Z-0039-05.wav,1,,807,
41,Z-0040-09.wav,0,,806,
41,Z-0041-07.wav,0,,1754,
41,Z-0042-09.wav,1,,1448,
41,Z-0043-06.wav,0,,779,
41,Z-0044-07.wav,1,,2233,
41,Z-0045-08.wav,0,,811,
41,Z-0046-09.wav,1,,811,
41,Z-0047-05.wav,1,,876,
41,Z-0048-08.wav,0,,823,
42,Z-0001-08.wav,1,,740,
42,Z-0002-08.wav,0,,1103,
42,Z-0003-08.wav,1,,650,
42,Z-0004-05.wav,1,,668,
42,Z-0005-07.wav,1,,702,
42,Z-0006-05.wav,0,,802,
42,Z-0007-07.wav,1,,831,
42,Z-0008-07.wav,1,,635,
42,Z-0009-08.wav,1,,715,
42,Z-0010-09.wav,0,,881,
42,Z-0011-07.wav,0,,807,
42,Z-0012-08.wav,0,,840,
42,Z-0013-08.wav,0,,713,
42,Z-0014-09.wav,0,,704,
42,Z-0015-08.wav,0,,717,
42,Z-0016-09.wav,0,,783,
42,Z-0017-07.wav,0,,675,
42,Z-0018-06.wav,1,,624,
42,Z-0019-08.wav,0,,649,
42,Z-0020-06.wav,1,,728,
42,Z-0021-05.wav,1,,806,
42,Z-0022-09.wav,1,,616,
42,Z-0023-09.wav,1,,659,
42,Z-0024-06.wav,0,,978,
42,Z-0025-05.wav,0,,822,
42,Z-0026-07.wav,1,,663,
42,Z-0027-06.wav,0,,785,
42,Z-0028-09.wav,1,,780,
42,Z-0029-07.wav,1,,726,
42,Z-0030-08.wav,0,,614,
42,Z-0031-08.wav,0,,740,
42,Z-0032-07.wav,1,,629,
42,Z-0033-08.wav,1,,746,
42,Z-0034-07.wav,0,,875,
42,Z-0035-06.wav,0,,716,
42,Z-0036-07.wav,0,,701,
42,Z-0037-06.wav,1,,622,
42,Z-0038-07.wav,1,,639,
42,Z-0039-06.wav,1,,631,
42,Z-0040-07.wav,1,,618,
42,Z-0041-09.wav,0,,688,
42,Z-0042-09.wav,0,,867,
42,Z-0043-07.wav,1,,571,
42,Z-0044-08.wav,0,,819,
42,Z-0045-06.wav,0,,661,
42,Z-0046-07.wav,0,,655,
42,Z-0047-06.wav,1,,589,
42,Z-0048-06.wav,1,,864,
45,Z-0001-07.wav,1,large blue d ,1190,
45,Z-0002-01.wav,0,,1160,
45,Z-0003-09.wav,1,,1238,
45,Z-0004-06.wav,1,,1953,
45,Z-0005-06.wav,0,,1452,
45,Z-0006-09.wav,1,,1092,
45,Z-0007-09.wav,1,,967,
45,Z-0008-09.wav,1,,1474,
45,Z-0009-07.wav,0,,1458,
45,Z-0010-09.wav,0,,1587,
45,Z-0011-06.wav,0,,1830,
45,Z-0012-06.wav,0,,1725,
45,Z-0013-06.wav,0,,1132,
45,Z-0014-06.wav,1,,1195,
45,Z-0015-07.wav,1,,1112,
45,Z-0016-09.wav,1,,920,
45,Z-0017-07.wav,1,,1302,
45,Z-0018-09.wav,0,,1749,
45,Z-0019-07.wav,0,,1278,
45,Z-0020-06.wav,0,,1547,
45,Z-0021-08.wav,0,,1611,
45,Z-0022-09.wav,0,,877,
45,Z-0023-09.wav,1,,672,
45,Z-0024-07.wav,1,,1399,
45,Z-0025-09.wav,1,,1200,
45,Z-0026-08.wav,0,,1891,
45,Z-0027-09.wav,0,,1225,
45,Z-0028-06.wav,0,,1301,
45,Z-0029-07.wav,0,,1889,
45,Z-0030-01.wav,1, not sure what saying - small blue zero? Onset of zero listed,1093,
45,Z-0031-06.wav,1,,1590,
45,Z-0032-07.wav,0,,1125,
45,Z-0033-07.wav,0,,1335,
45,Z-0034-08.wav,0,,1019,
45,Z-0035-08.wav,0,,1743,
45,Z-0036-08.wav,1,,1855,
45,Z-0037-07.wav,1,large green sorry large orange (2nd large listed) difficult,2833,
45,Z-0038-09.wav,0,,1679,
45,Z-0039-06.wav,1,,1067,
45,Z-0040-06.wav,1,,1491,
45,Z-0041-09.wav,0,,1736,
45,Z-0042-06.wav,1,,1904,
45,Z-0043-07.wav,0,,1361,
45,Z-0044-08.wav,1,,1420,
45,Z-0045-08.wav,1,,1006,
45,Z-0046-06.wav,1,,1122,
45,Z-0047-08.wav,1,,1489,
45,Z-0048-06.wav,0,,2038,
46,Z-0001-08.wav,1,,1019,
46,Z-0002-06.wav,0,,614,
46,Z-0003-07.wav,0,,721,
46,Z-0004-06.wav,0,,860,
46,Z-0005-08.wav,0,,692,
46,Z-0006-05.wav,0,,622,
46,Z-0007-08.wav,0,,677,
46,Z-0008-08.wav,0,,789,
46,Z-0009-01.wav,1,,856,
46,Z-0010-07.wav,1,,1054,
46,Z-0011-09.wav,0,,792,
46,Z-0012-07.wav,1,,750,
46,Z-0013-06.wav,1,,1045,
46,Z-0014-05.wav,0,,1076,
46,Z-0015-06.wav,1,,768,
46,Z-0016-06.wav,0,,625,
46,Z-0017-09.wav,1,,834,
46,Z-0018-06.wav,0,j..small j - onset of small listed,1060,
46,Z-0019-09.wav,1,,772,
46,Z-0020-08.wav,1,,1202,
46,Z-0021-06.wav,1,,943,
46,Z-0022-07.wav,0,,680,
46,Z-0023-07.wav,1,,853,
46,Z-0024-07.wav,0,,782,
46,Z-0025-06.wav,1,,932,
46,Z-0026-01.wav,1,,1042,
46,Z-0027-09.wav,1,,671,
46,Z-0028-09.wav,0,,670,
46,Z-0029-06.wav,0,x..small x - onste of small listed,995,
46,Z-0030-07.wav,1,,786,
46,Z-0031-07.wav,1,,712,
46,Z-0032-08.wav,0,,661,
46,Z-0033-09.wav,1,,744,
46,Z-0034-09.wav,0,,550,
46,Z-0035-06.wav,0,h..big h - onset of big listed,2679,
46,Z-0036-08.wav,1,,1031,
46,Z-0037-05.wav,0,,551,
46,Z-0038-06.wav,0,,725,
46,Z-0039-08.wav,1,,948,
46,Z-0040-05.wav,1,,590,
46,Z-0041-09.wav,0,,811,
46,Z-0042-06.wav,0,,551,
46,Z-0043-06.wav,0,,766,
46,Z-0044-09.wav,0,v..big v - onset of big listed,1231,
46,Z-0045-05.wav,0,,699,
46,Z-0046-09.wav,1,,809,
46,Z-0047-09.wav,0,,582,
46,Z-0048-07.wav,1,,689,
48,Z-0001-08.wav,0,,1277,
48,Z-0002-09.wav,0,,1162,
48,Z-0003-09.wav,0,,1553,
48,Z-0004-09.wav,1,,731,
48,Z-0005-09.wav,1,,862,
48,Z-0006-08.wav,1,,1082,
48,Z-0007-07.wav,1,,998,
48,Z-0008-08.wav,1,,1509,
48,Z-0009-05.wav,0,,1393,
48,Z-0010-08.wav,1,,1419,
48,Z-0011-09.wav,1,,1067,
48,Z-0012-09.wav,0,,831,
48,Z-0013-09.wav,1,,1043,
48,Z-0014-06.wav,1,,1176,
48,Z-0015-06.wav,0,,928,
48,Z-0016-07.wav,0,,1144,
48,Z-0017-05.wav,1,,825,
48,Z-0018-07.wav,0,,1018,
48,Z-0019-07.wav,0,,1146,
48,Z-0020-08.wav,1,,1220,
48,Z-0021-06.wav,0,,987,
48,Z-0022-06.wav,0,,802,
48,Z-0023-06.wav,1,(faint ss..then large e),1260,
48,Z-0024-07.wav,0,,1129,
48,Z-0025-08.wav,1,,1328,
48,Z-0026-01.wav,0,,832,
48,Z-0027-06.wav,0,,1098,
48,Z-0028-07.wav,0,,1286,
48,Z-0029-09.wav,0,,994,
48,Z-0030-07.wav,1,,1449,
48,Z-0031-08.wav,1,,1122,
48,Z-0032-07.wav,1,,1475,
48,Z-0033-05.wav,1,,1087,
48,Z-0034-08.wav,1,,1435,
48,Z-0035-06.wav,0,,871,
48,Z-0036-07.wav,0,,1385,
48,Z-0037-09.wav,1,,1006,
48,Z-0038-08.wav,0,,1296,
48,Z-0039-05.wav,1,,1037,
48,Z-0040-09.wav,0,,1045,
48,Z-0041-09.wav,1,,841,
48,Z-0042-08.wav,0,,1326,
48,Z-0043-09.wav,0,,1295,
48,Z-0044-07.wav,1,,1504,
48,Z-0045-07.wav,1, ,1370,
48,Z-0046-06.wav,0,,991,
48,Z-0047-07.wav,0,,1010,
48,Z-0048-06.wav,1,,1675,
1,Z-0001-08.wav,1,,,
1,Z-0002-09.wav,1,,,
1,Z-0003-09.wav,1,,,
1,Z-0004-09.wav,1,,,
1,Z-0005-09.wav,1,,,
1,Z-0006-08.wav,1,,,
1,Z-0007-07.wav,1,,,
1,Z-0008-08.wav,1,,,
1,Z-0009-05.wav,1,,,
1,Z-0010-08.wav,1,,,
1,Z-0011-09.wav,1,,,
1,Z-0012-09.wav,1,,,
1,Z-0013-09.wav,1,,,
1,Z-0014-06.wav,1,,,
1,Z-0015-06.wav,1,,,
1,Z-0016-07.wav,1,,,
1,Z-0017-05.wav,1,,,
1,Z-0018-07.wav,1,,,
1,Z-0019-07.wav,1,,,
1,Z-0020-08.wav,1,,,
1,Z-0021-06.wav,1,,,
1,Z-0022-06.wav,1,,,
1,Z-0023-06.wav,1,,,
1,Z-0024-07.wav,1,,,
1,Z-0025-08.wav,0,AO,,
1,Z-0026-01.wav,0,,,
1,Z-0027-06.wav,0,,,
1,Z-0028-07.wav,0,,,
1,Z-0029-09.wav,0,,,
1,Z-0030-07.wav,0,AO,,
1,Z-0031-08.wav,0,,,
1,Z-0032-07.wav,0,AO,,
1,Z-0033-05.wav,1,,,
1,Z-0034-08.wav,1,,,
1,Z-0035-06.wav,0,,,
1,Z-0036-07.wav,0,,,
1,Z-0037-09.wav,1,,,
1,Z-0038-08.wav,1,,,
1,Z-0039-05.wav,1,,,
1,Z-0040-09.wav,0,,,
1,Z-0041-09.wav,1,,,
1,Z-0042-08.wav,1,,,
1,Z-0043-09.wav,1,,,
1,Z-0044-07.wav,1,,,
1,Z-0045-07.wav,1,,,
1,Z-0046-06.wav,1,,,
1,Z-0047-07.wav,1,,,
1,Z-0048-06.wav,1,,,
8,Z-0001-06.wav,1,,,
8,Z-0002-07.wav,1,,,
8,Z-0003-08.wav,1,,,
8,Z-0004-06.wav,0,,,
8,Z-0005-09.wav,0,,,
8,Z-0006-06.wav,1,,,
8,Z-0007-08.wav,1,,,
8,Z-0008-09.wav,1,,,
8,Z-0009-06.wav,1,,,
8,Z-0010-07.wav,1,,,
8,Z-0011-05.wav,1,,,
8,Z-0012-07.wav,1,,,
8,Z-0013-07.wav,1,,,
8,Z-0014-08.wav,1,,,
8,Z-0015-06.wav,1,,,
8,Z-0016-06.wav,1,,,
8,Z-0017-07.wav,1,,,
8,Z-0018-08.wav,1,,,
8,Z-0019-07.wav,1,,,
8,Z-0020-08.wav,1,,,
8,Z-0021-07.wav,1,,,
8,Z-0022-06.wav,1,,,
8,Z-0023-09.wav,1,,,
8,Z-0024-07.wav,1,,,
8,Z-0025-07.wav,1,,,
8,Z-0026-05.wav,1,,,
8,Z-0027-08.wav,1,,,
8,Z-0028-07.wav,0,,,
8,Z-0029-06.wav,1,,,
8,Z-0030-06.wav,1,,,
8,Z-0031-07.wav,1,,,
8,Z-0032-07.wav,1,,,
8,Z-0033-06.wav,1,,,
8,Z-0034-06.wav,1,,,
8,Z-0035-06.wav,1,,,
8,Z-0036-09.wav,1,,,
8,Z-0037-08.wav,1,,,
8,Z-0038-06.wav,1,,,
8,Z-0039-06.wav,1,,,
8,Z-0040-05.wav,1,,,
8,Z-0041-07.wav,1,,,
8,Z-0042-09.wav,1,,,
8,Z-0043-06.wav,0,,,
8,Z-0044-08.wav,1,,,
8,Z-0045-08.wav,1,,,
8,Z-0046-09.wav,0,,,
8,Z-0047-06.wav,1,,,
8,Z-0048-09.wav,1,,,
9,Z-0001-07.wav,1,,,
9,Z-0002-07.wav,1,,,
9,Z-0003-07.wav,1,,,
9,Z-0004-01.wav,1,,,
9,Z-0005-06.wav,1,,,
9,Z-0006-06.wav,1,,,
9,Z-0007-09.wav,1,,,
9,Z-0008-08.wav,1,,,
9,Z-0009-05.wav,1,,,
9,Z-0010-07.wav,1,,,
9,Z-0011-07.wav,1,,,
9,Z-0012-07.wav,1,,,
9,Z-0013-08.wav,1,,,
9,Z-0014-06.wav,1,,,
9,Z-0015-08.wav,1,,,
9,Z-0016-06.wav,1,,,
9,Z-0017-08.wav,1,,,
9,Z-0018-06.wav,1,,,
9,Z-0019-08.wav,1,,,
9,Z-0020-06.wav,0,,,
9,Z-0021-07.wav,1,,,
9,Z-0022-06.wav,0,,,
9,Z-0023-06.wav,0,,,
9,Z-0024-07.wav,1,,,
9,Z-0025-08.wav,1,,,
9,Z-0026-08.wav,0,purple b,,
9,Z-0027-06.wav,1,,,
9,Z-0028-07.wav,1,,,
9,Z-0029-09.wav,1,,,
9,Z-0030-07.wav,1,,,
9,Z-0031-09.wav,1,,,
9,Z-0032-07.wav,0,,,
9,Z-0033-06.wav,1,,,
9,Z-0034-09.wav,1,,,
9,Z-0035-05.wav,1,,,
9,Z-0036-09.wav,1,,,
9,Z-0037-09.wav,1,,,
9,Z-0038-06.wav,0,,,
9,Z-0039-06.wav,1,,,
9,Z-0040-09.wav,1,,,
9,Z-0041-07.wav,0,,,
9,Z-0042-05.wav,1,,,
9,Z-0043-09.wav,1,,,
9,Z-0044-08.wav,1,,,
9,Z-0045-08.wav,0,,,
9,Z-0046-08.wav,0,,,
9,Z-0047-06.wav,1,,,
9,Z-0048-05.wav,1,,,
16,Z-0001-08.wav,1,,,
16,Z-0002-06.wav,1,,,
16,Z-0003-07.wav,1,,,
16,Z-0004-06.wav,1,,,
16,Z-0005-08.wav,1,,,
16,Z-0006-05.wav,0,,,
16,Z-0007-08.wav,1,,,
16,Z-0008-08.wav,1,,,
16,Z-0009-01.wav,1,,,
16,Z-0010-07.wav,1,,,
16,Z-0011-09.wav,1,,,
16,Z-0012-07.wav,1,,,
16,Z-0013-06.wav,1,,,
16,Z-0014-05.wav,1,,,
16,Z-0015-06.wav,1,,,
16,Z-0016-06.wav,1,,,
16,Z-0017-09.wav,1,,,
16,Z-0018-06.wav,1,,,
16,Z-0019-09.wav,1,,,
16,Z-0020-08.wav,1,,,
16,Z-0021-06.wav,1,,,
16,Z-0022-07.wav,1,,,
16,Z-0023-07.wav,1,,,
16,Z-0024-07.wav,1,,,
16,Z-0025-06.wav,1,,,
16,Z-0026-01.wav,1,,,
16,Z-0027-09.wav,1,,,
16,Z-0028-09.wav,1,,,
16,Z-0029-06.wav,1,,,
16,Z-0030-07.wav,1,,,
16,Z-0031-07.wav,1,,,
16,Z-0032-08.wav,1,,,
16,Z-0033-09.wav,1,,,
16,Z-0034-09.wav,0,,,
16,Z-0035-06.wav,1,,,
16,Z-0036-08.wav,1,,,
16,Z-0037-05.wav,1,,,
16,Z-0038-06.wav,1,,,
16,Z-0039-08.wav,1,,,
16,Z-0040-05.wav,1,,,
16,Z-0041-09.wav,0,,,
16,Z-0042-06.wav,0,,,
16,Z-0043-06.wav,0,,,
16,Z-0044-09.wav,1,,,
16,Z-0045-05.wav,0,,,
16,Z-0046-09.wav,1,,,
16,Z-0047-09.wav,1,,,
16,Z-0048-07.wav,1,,,
24,Z-0001-06.wav,1,big g green,,
24,Z-0002-07.wav,1,,,
24,Z-0003-02.wav,1,,,
24,Z-0004-08.wav,1,,,
24,Z-0005-07.wav,1,,,
24,Z-0006-09.wav,1,,,
24,Z-0007-08.wav,1,,,
24,Z-0008-06.wav,1,,,
24,Z-0009-06.wav,1,,,
24,Z-0010-05.wav,1,,,
24,Z-0011-06.wav,1,,,
24,Z-0012-09.wav,1,,,
24,Z-0013-07.wav,1,,,
24,Z-0014-09.wav,1,,,
24,Z-0015-09.wav,1,,,
24,Z-0016-06.wav,1,,,
24,Z-0017-09.wav,1,,,
24,Z-0018-08.wav,1,,,
24,Z-0019-05.wav,1,,,
24,Z-0020-08.wav,1,,,
24,Z-0021-08.wav,1,,,
24,Z-0022-06.wav,1,,,
24,Z-0023-05.wav,1,,,
24,Z-0024-09.wav,1,,,
24,Z-0025-06.wav,1,,,
24,Z-0026-08.wav,1,,,
24,Z-0027-06.wav,1,,,
24,Z-0028-06.wav,1,,,
24,Z-0029-08.wav,1,,,
24,Z-0030-06.wav,1,,,
24,Z-0031-06.wav,1,,,
24,Z-0032-07.wav,1,,,
24,Z-0033-09.wav,1,,,
24,Z-0034-09.wav,1,,,
24,Z-0035-09.wav,1,,,
24,Z-0036-06.wav,1,,,
24,Z-0037-06.wav,1,,,
24,Z-0038-09.wav,1,,,
24,Z-0039-05.wav,1,,,
24,Z-0040-09.wav,1,,,
24,Z-0041-07.wav,1,,,
24,Z-0042-09.wav,1,,,
24,Z-0043-06.wav,1,,,
24,Z-0044-07.wav,1,,,
24,Z-0045-08.wav,1,,,
24,Z-0046-09.wav,1,,,
24,Z-0047-05.wav,1,,,
24,Z-0048-08.wav,1,,,
34,Z-0001-08.wav,1,I and it’s the bigger one,,
34,Z-0002-08.wav,1,,,
34,Z-0003-08.wav,1,,,
34,Z-0004-05.wav,1,,,
34,Z-0005-07.wav,1,,,
34,Z-0006-05.wav,1,,,
34,Z-0007-07.wav,1,,,
34,Z-0008-07.wav,1,,,
34,Z-0009-08.wav,1,,,
34,Z-0010-09.wav,1,,,
34,Z-0011-07.wav,1,,,
34,Z-0012-08.wav,1,,,
34,Z-0013-08.wav,1,,,
34,Z-0014-09.wav,1,,,
34,Z-0015-08.wav,1,,,
34,Z-0016-09.wav,1,,,
34,Z-0017-07.wav,1,,,
34,Z-0018-06.wav,1,,,
34,Z-0019-08.wav,1,,,
34,Z-0020-06.wav,1,,,
34,Z-0021-05.wav,1,,,
34,Z-0022-09.wav,1,,,
34,Z-0023-09.wav,1,,,
34,Z-0024-06.wav,1,,,
34,Z-0025-05.wav,1,,,
34,Z-0026-07.wav,1,,,
34,Z-0027-06.wav,1,,,
34,Z-0028-09.wav,1,,,
34,Z-0029-07.wav,1,,,
34,Z-0030-08.wav,1,,,
34,Z-0031-08.wav,1,,,
34,Z-0032-07.wav,1,,,
34,Z-0033-08.wav,1,,,
34,Z-0034-07.wav,1,,,
34,Z-0035-06.wav,1,,,
34,Z-0036-07.wav,1,,,
34,Z-0037-06.wav,1,,,
34,Z-0038-07.wav,1,,,
34,Z-0039-06.wav,1,,,
34,Z-0040-07.wav,1,,,
34,Z-0041-09.wav,1,,,
34,Z-0042-09.wav,1,,,
34,Z-0043-07.wav,1,,,
34,Z-0044-08.wav,1,,,
34,Z-0045-06.wav,1,,,
34,Z-0046-07.wav,1,,,
34,Z-0047-06.wav,1,,,
34,Z-0048-06.wav,1,,,
36,Z-0001-07.wav,1,,,
36,Z-0002-01.wav,1,,,
36,Z-0003-09.wav,1,,,
36,Z-0004-06.wav,1,,,
36,Z-0005-06.wav,1,big blue g bottom left,,
36,Z-0006-09.wav,1,,,
36,Z-0007-09.wav,1,,,
36,Z-0008-09.wav,1,,,
36,Z-0009-07.wav,1,,,
36,Z-0010-09.wav,1,,,
36,Z-0011-06.wav,1,,,
36,Z-0012-06.wav,1,,,
36,Z-0013-06.wav,1,,,
36,Z-0014-06.wav,1,,,
36,Z-0015-07.wav,1,,,
36,Z-0016-09.wav,1,,,
36,Z-0017-07.wav,1,,,
36,Z-0018-09.wav,1,,,
36,Z-0019-07.wav,1,,,
36,Z-0020-06.wav,1,,,
36,Z-0021-08.wav,0,,,
36,Z-0022-09.wav,0,,,
36,Z-0023-09.wav,1,,,
36,Z-0024-07.wav,1,,,
36,Z-0025-09.wav,1,,,
36,Z-0026-08.wav,1,,,
36,Z-0027-09.wav,1,,,
36,Z-0028-06.wav,1,,,
36,Z-0029-07.wav,1,,,
36,Z-0030-01.wav,1,,,
36,Z-0031-06.wav,1,,,
36,Z-0032-07.wav,1,,,
36,Z-0033-07.wav,1,,,
36,Z-0034-08.wav,1,,,
36,Z-0035-08.wav,1,,,
36,Z-0036-08.wav,1,,,
36,Z-0037-07.wav,1,,,
36,Z-0038-09.wav,1,,,
36,Z-0039-06.wav,1,,,
36,Z-0040-06.wav,1,,,
36,Z-0041-09.wav,1,,,
36,Z-0042-06.wav,1,,,
36,Z-0043-07.wav,1,,,
36,Z-0044-08.wav,1,,,
36,Z-0045-08.wav,1,,,
36,Z-0046-06.wav,1,,,
36,Z-0047-08.wav,1,,,
36,Z-0048-06.wav,1,,,
37,Z-0001-08.wav,0,,,
37,Z-0002-09.wav,0,,,
37,Z-0003-09.wav,0,,,
37,Z-0004-09.wav,0,m the smaller m,,
37,Z-0005-09.wav,0,z the smaller z ,,
37,Z-0006-08.wav,0,,,
37,Z-0007-07.wav,0,,,
37,Z-0008-08.wav,0,,,
37,Z-0009-05.wav,0,,,
37,Z-0010-08.wav,0,,,
37,Z-0011-09.wav,0,,,
37,Z-0012-09.wav,0,,,
37,Z-0013-09.wav,0,,,
37,Z-0014-06.wav,0,,,
37,Z-0015-06.wav,0,,,
37,Z-0016-07.wav,0,,,
37,Z-0017-05.wav,0,,,
37,Z-0018-07.wav,0,,,
37,Z-0019-07.wav,0,,,
37,Z-0020-08.wav,0,,,
37,Z-0021-06.wav,0,,,
37,Z-0022-06.wav,0,,,
37,Z-0023-06.wav,0,,,
37,Z-0024-07.wav,0,,,
37,Z-0025-08.wav,0,,,
37,Z-0026-01.wav,0,,,
37,Z-0027-06.wav,0,,,
37,Z-0028-07.wav,0,,,
37,Z-0029-09.wav,0,,,
37,Z-0030-07.wav,0,,,
37,Z-0031-08.wav,0,,,
37,Z-0032-07.wav,0,,,
37,Z-0033-05.wav,0,,,
37,Z-0034-08.wav,0,,,
37,Z-0035-06.wav,0,,,
37,Z-0036-07.wav,0,,,
37,Z-0037-09.wav,0,,,
37,Z-0038-08.wav,0,,,
37,Z-0039-05.wav,0,,,
37,Z-0040-09.wav,0,,,
37,Z-0041-09.wav,0,,,
37,Z-0042-08.wav,0,,,
37,Z-0043-09.wav,0,,,
37,Z-0044-07.wav,0,,,
37,Z-0045-07.wav,0,,,
37,Z-0046-06.wav,0,,,
37,Z-0047-07.wav,0,,,
37,Z-0048-06.wav,0,,,
40,Z-0001-08.wav,1,,,
40,Z-0002-06.wav,1,,,
40,Z-0003-07.wav,1,,,
40,Z-0004-06.wav,1,,,
40,Z-0005-08.wav,1,,,
40,Z-0006-05.wav,1,,,
40,Z-0007-08.wav,1,,,
40,Z-0008-08.wav,1,,,
40,Z-0009-01.wav,1,,,
40,Z-0010-07.wav,0,,,
40,Z-0011-09.wav,1,,,
40,Z-0012-07.wav,1,,,
40,Z-0013-06.wav,,,,
40,Z-0014-05.wav,,,,
40,Z-0015-06.wav,1,,,
40,Z-0016-06.wav,,,,
40,Z-0017-09.wav,0,,,
40,Z-0018-06.wav,1,,,
40,Z-0019-09.wav,1,,,
40,Z-0020-08.wav,0,,,
40,Z-0021-06.wav,1,,,
40,Z-0022-07.wav,,,,
40,Z-0023-07.wav,1,,,
40,Z-0024-07.wav,0,,,
40,Z-0025-06.wav,,,,
40,Z-0026-01.wav,1,,,
40,Z-0027-09.wav,1,,,
40,Z-0028-09.wav,1,,,
40,Z-0029-06.wav,1,,,
40,Z-0030-07.wav,1,,,
40,Z-0031-07.wav,1,,,
40,Z-0032-08.wav,1,,,
40,Z-0033-09.wav,1,,,
40,Z-0034-09.wav,1,,,
40,Z-0035-06.wav,0,,,
40,Z-0036-08.wav,1,,,
40,Z-0037-05.wav,,,,
40,Z-0038-06.wav,0,,,
40,Z-0039-08.wav,1,,,
40,Z-0040-05.wav,1,,,
40,Z-0041-09.wav,1,,,
40,Z-0042-06.wav,1,,,
40,Z-0043-06.wav,1,makes correction but still adjective,,
40,Z-0044-09.wav,1,,,
40,Z-0045-05.wav,1,,,
40,Z-0046-09.wav,1,,,
40,Z-0047-09.wav,1,,,
40,Z-0048-07.wav,1,,,
43,Z-0001-07.wav,1,,,
43,Z-0002-01.wav,0,,,
43,Z-0003-09.wav,1,there is also another z which is bigger than this one,,
43,Z-0004-06.wav,1,j like justin the smallest,,
43,Z-0005-06.wav,0,blue g - capital,,
43,Z-0006-09.wav,1,,,
43,Z-0007-09.wav,1,,,
43,Z-0008-09.wav,1,capital big r ,,
43,Z-0009-07.wav,0,,,
43,Z-0010-09.wav,0,,,
43,Z-0011-06.wav,0,,,
43,Z-0012-06.wav,0,,,
43,Z-0013-06.wav,0,,,
43,Z-0014-06.wav,1,,,
43,Z-0015-07.wav,1,,,
43,Z-0016-09.wav,1,,,
43,Z-0017-07.wav,1,,,
43,Z-0018-09.wav,0,,,
43,Z-0019-07.wav,0,,,
43,Z-0020-06.wav,0,,,
43,Z-0021-08.wav,0,,,
43,Z-0022-09.wav,0,,,
43,Z-0023-09.wav,1,,,
43,Z-0024-07.wav,1,,,
43,Z-0025-09.wav,1,,,
43,Z-0026-08.wav,0,,,
43,Z-0027-09.wav,1,,,
43,Z-0028-06.wav,0,,,
43,Z-0029-07.wav,0,,,
43,Z-0030-01.wav,1,,,
43,Z-0031-06.wav,1,,,
43,Z-0032-07.wav,0,x green capital x,,
43,Z-0033-07.wav,0,,,
43,Z-0034-08.wav,0,,,
43,Z-0035-08.wav,0,,,
43,Z-0036-08.wav,1,on the right hand side there is a t which is bigger than this t ,,
43,Z-0037-07.wav,1,,,
43,Z-0038-09.wav,0,,,
43,Z-0039-06.wav,1,,,
43,Z-0040-06.wav,1,,,
43,Z-0041-09.wav,0,,,
43,Z-0042-06.wav,1,,,
43,Z-0043-07.wav,0,,,
43,Z-0044-08.wav,1,,,
43,Z-0045-08.wav,1,listener had to clarify but adjective used,,
43,Z-0046-06.wav,1,,,
43,Z-0047-08.wav,0,had to get modifier from him - isit big yeah? It is bigger,,
43,Z-0048-06.wav,0,,,
44,Z-0001-08.wav,1,,,
44,Z-0002-06.wav,1,,,
44,Z-0003-07.wav,1,,,
44,Z-0004-06.wav,0,,,
44,Z-0005-08.wav,1,,,
44,Z-0006-05.wav,0,,,
44,Z-0007-08.wav,0,,,
44,Z-0008-08.wav,1,,,
44,Z-0009-01.wav,1,,,
44,Z-0010-07.wav,1,,,
44,Z-0011-09.wav,1,,,
44,Z-0012-07.wav,1,,,
44,Z-0013-06.wav,1,,,
44,Z-0014-05.wav,0,,,
44,Z-0015-06.wav,1,,,
44,Z-0016-06.wav,1,,,
44,Z-0017-09.wav,1,,,
44,Z-0018-06.wav,1,,,
44,Z-0019-09.wav,1,,,
44,Z-0020-08.wav,1,,,
44,Z-0021-06.wav,1,,,
44,Z-0022-07.wav,0,,,
44,Z-0023-07.wav,1,,,
44,Z-0024-07.wav,1,,,
44,Z-0025-06.wav,1,,,
44,Z-0026-01.wav,1,,,
44,Z-0027-09.wav,1,,,
44,Z-0028-09.wav,1,,,
44,Z-0029-06.wav,1,,,
44,Z-0030-07.wav,1,,,
44,Z-0031-07.wav,1,,,
44,Z-0032-08.wav,0,,,
44,Z-0033-09.wav,1,,,
44,Z-0034-09.wav,0,,,
44,Z-0035-06.wav,1,,,
44,Z-0036-08.wav,1,,,
44,Z-0037-05.wav,0,,,
44,Z-0038-06.wav,1,,,
44,Z-0039-08.wav,1,,,
44,Z-0040-05.wav,1,,,
44,Z-0041-09.wav,1,,,
44,Z-0042-06.wav,1,,,
44,Z-0043-06.wav,1,"small m, uh f sorry f ",,
44,Z-0044-09.wav,1,,,
44,Z-0045-05.wav,0,,,
44,Z-0046-09.wav,1,,,
44,Z-0047-09.wav,1,,,
44,Z-0048-07.wav,1,,,
