SessionID,Filename,Transcription,Info
1,F_uncv_13_03.wav,um rectangles in shape of a bar graph ,
1,F_uncv_14_02.wav,rectangle shape with jaggedy cuts out the sides ,
1,F_uncv_15_03.wav,a popcorn box,
1,F_uncv_16_01.wav,a diamond in  the middle with four squares on the outside,
1,F_uncv_17_02.wav,a hexagon with a tap on the side,
1,F_uncv_18_03.wav,a handle with spikes out the top of it ,
1,F_uncv_19_03.wav,Hexagons with a circle shape in the middle,
1,F_uncv_20_03.wav,a diagonal line with semi-circles on either side ,
1,F_uncv_21_01.wav,uhh jaggedy shapes like mountains,
1,F_uncv_22_01.wav,two hexagons with a wiggly line in between them ,
1,F_uncv_23_01.wav,three stars with circles on the ends ,
1,F_uncv_24_01.wav,two circles with a long triangle coming down between them,
1,Y_uncv_13.wav,um a series of rectangles in the shape of a bar graph ,
1,Y_uncv_14.wav,uh a rectangle shape with lots of jaggedy cuts out of three of the sides ,
1,Y_uncv_15.wav,uh a popcorn box it looks like with a pattern on the side ,
1,Y_uncv_16.wav,a diamond in  the middle with four squares on the outside,
1,Y_uncv_17.wav,a hexagon with a tap on the side,
1,Y_uncv_18.wav,a sort of handle which has spikes coming out of the top of it ,
1,Y_uncv_19.wav,um hexagons with a sort of circle shape in the middle ,
1,Y_uncv_20.wav,a diagonal line with semi-circles on either side ,
1,Y_uncv_21.wav,jaggedy shapes in the shapes of mountains,
1,Y_uncv_22.wav,two hexagons with a wiggly line in between them ,
1,Y_uncv_23.wav,three stars on top of each other,
1,Y_uncv_24.wav,two circles with a long thin triangle pointing down from them ,
2,F_uncv_13_02.wav,a bar chart ,
2,F_uncv_14_02.wav,grey outline that looks like a brdge,
2,F_uncv_15_01.wav,an area of grey circles,
2,F_uncv_16_03.wav,two intersceting grey arms,
2,F_uncv_17_03.wav,a grey hexagon with an arm coming off it ,
2,F_uncv_18_03.wav,a grey outline of a sector ,****
2,F_uncv_19_02.wav,a group of grey hexagons,
2,F_uncv_20_01.wav,abstract shape with ovals coming off,
2,F_uncv_21_02.wav,grey mountains,
2,F_uncv_22_01.wav,two grey hexagons with a river between them,
2,F_uncv_23_01.wav,grey outline of stars and shell shapes,
2,F_uncv_24_03.wav,a grey abstract shape that looks like a speech bubble with a whote area intersecting it ,
2,Y_uncv_13.wav,a bar chart ,
2,Y_uncv_14.wav,a grey hape that looks like a bridge,
2,Y_uncv_15.wav,an area of grey dots,
2,Y_uncv_16.wav,um two intersecting grey arms it's a grey shape,
2,Y_uncv_17.wav,a grey hexago eith an arm,
2,Y_uncv_18.wav,grey outline of a sector,
2,Y_uncv_19.wav,a group of grey hexagons,
2,Y_uncv_20.wav,um grey abstract shape with a traight line iwht ovals coming off the line,
2,Y_uncv_21.wav,grey mountains,
2,Y_uncv_22.wav,two hexagon with a  river between them,
2,Y_uncv_23.wav,grey outline of stars and shells,
2,Y_uncv_24.wav,um a grey abstarct hape that looks like a speech bubb;e with and area of white intersecting it ,
3,F_uncv_13_02.wav,ehmm sillouted shaped looks like planks of wood goes from being quite large on the left hand side to smaller on the right hand side,
3,F_uncv_14_03.wav,silloutesed shaped that is cut out from the sides to make it kind a look edged and at the bottom its cut out,
3,F_uncv_15_01.wav,aaa sillouted haped with lots of little circles,
3,F_uncv_16_02.wav,a sillouted shape with a diamond in the middle and four squares on the edges,
3,F_uncv_17_02.wav,sillouted shape with like a pentagon at the left hand side of it,
3,F_uncv_18_03.wav,"torch, spiky torch than you can hold",
3,F_uncv_19_01.wav,a sillouted shape with lots of pentagon shapes within,
3,F_uncv_20_03.wav,eh a sillouted shape its kinda circular with reverse sides two sides,
3,F_uncv_21_01.wav,a sillouted shape with jagged edges pointing up the way,
3,F_uncv_22_03.wav,a sillouted shape with two pentagons and a squiggly line separating them,
3,F_uncv_23_01.wav,ehm complicaticated geometric sillouted shape it looks like you can see a star in the middle,
3,F_uncv_24_03.wav,sillouted shape circluar white bit kinda missing out the end,
3,Y_uncv_13.wav,ehm sillouted shape that goes from being bigger at the left hand side to smaller on the right hand side,
3,Y_uncv_14.wav,"eh sillouted obkject that is kinda edged at the side eh looks kinda pointy at the bottom with two circluar, half circular bits cut out ",
3,Y_uncv_15.wav,eh sillouted shape with lots of little circles,
3,Y_uncv_16.wav,aaa sillouted shape that has a diamond shaoe in the middle and four squares at the corners,
3,Y_uncv_17.wav,um sillouted shape with a kinda pentagon to the left hand side of it ,
3,Y_uncv_18.wav,ehm it looks like something you can hold and it has kinda spikey bits at the top,
3,Y_uncv_19.wav,um a sillouted shape that seems to have a few pentagon shapes within,
3,Y_uncv_20.wav,eh sillouted shape with kind of circluar shapes that revere on either side,
3,Y_uncv_21.wav,um a sillouted shaoe with jagged edges facing up the way,
3,Y_uncv_22.wav,a sillouted shape with kind of two pentagon shaoe with a sort of squiggly shape connecting them both,
3,Y_uncv_23.wav,ehma  complicated gemometric sillouted shape that you can kind of see a star shape in the middle,
3,Y_uncv_24.wav,sillouted shape kind of circlar towards the left cut out in the middle and kind of goes down to the bottom,
4,F_uncv_13_03.wav, ,
4,F_uncv_14_03.wav, ,
4,F_uncv_15_02.wav, ,
4,F_uncv_16_03.wav, ,
4,F_uncv_17_03.wav, ,
4,F_uncv_18_01.wav, ,
4,F_uncv_19_01.wav, ,
4,F_uncv_20_02.wav, ,
4,F_uncv_21_01.wav, ,
4,F_uncv_22_03.wav, ,
4,F_uncv_23_01.wav, ,
4,F_uncv_24_01.wav, ,
4,Y_uncv_13.wav, ,
4,Y_uncv_14.wav, ,
4,Y_uncv_15.wav, ,
4,Y_uncv_16.wav, ,
4,Y_uncv_17.wav, ,
4,Y_uncv_18.wav, ,
4,Y_uncv_19.wav, ,
4,Y_uncv_20.wav, ,
4,Y_uncv_21.wav, ,
4,Y_uncv_22.wav, ,
4,Y_uncv_23.wav, ,
4,Y_uncv_24.wav, ,
5,F_uncv_13_03.wav,xylophone shape,
5,F_uncv_14_02.wav,ehm a grey zig zaggy shape,
5,F_uncv_15_02.wav,eh the grey circle shape,
5,F_uncv_16_03.wav,eh a square grey shape,
5,F_uncv_17_03.wav,an the hexagon shape again,
5,F_uncv_18_03.wav,and a spiky flower shape again,
5,F_uncv_19_01.wav,ehm a hexagon grey shape again,
5,F_uncv_20_02.wav,eh grey shape ice lolly one,
5,F_uncv_21_01.wav,ehma  mountain grey shape,
5,F_uncv_22_01.wav,uh the grey snake shape,
5,F_uncv_23_03.wav,uh the star grey shape,
5,F_uncv_24_02.wav,ehm the grey shape with the triangle missing ,
5,Y_uncv_13.wav,and the grey shape which is a bit like a xylohophone ,
5,Y_uncv_14.wav,and the grey zig zaggy shape,
5,Y_uncv_15.wav,ehm they grey shape made out of lots of little cicles,
5,Y_uncv_16.wav,the sqaure grey shape,
5,Y_uncv_17.wav,eh the hexagonal grey shape again,
5,Y_uncv_18.wav,and the grey shape which has like three points at the top,
5,Y_uncv_19.wav,ehm the grey hexagon shape,
5,Y_uncv_20.wav,eh the grey ice lolly shape ,
5,Y_uncv_21.wav,and the grey pointy mountainy shape,
5,Y_uncv_22.wav,the grey snake shape again ,
5,Y_uncv_23.wav,a the grey shape which has a star in the middle,
5,Y_uncv_24.wav,ehm the grey shape with like a triangle mising out the middle,
6,F_uncv_13_03.wav,the fence,
6,F_uncv_14_03.wav,the shape cut out ,
6,F_uncv_15_01.wav,the shape with lots of dots,
6,F_uncv_16_01.wav,the shape with the diamond in the middle,
6,F_uncv_17_02.wav,the hexagon shape,
6,F_uncv_18_02.wav,the top of a staff shape,
6,F_uncv_19_02.wav,hexagon shape,
6,F_uncv_20_03.wav,the spade shape,
6,F_uncv_21_01.wav,the mountain shape,
6,F_uncv_22_02.wav,the shape with the river,
6,F_uncv_23_01.wav,the shape with stars in it ,
6,F_uncv_24_03.wav,the shape that is leaking something ,
6,Y_uncv_13.wav,the shape that’s like a fence,
6,Y_uncv_14.wav,the shape that has like shapes cut out of the bottom,
6,Y_uncv_15.wav,the shape with lots of dots in it ,
6,Y_uncv_16.wav,the shapoe with the diamond in the middle ,
6,Y_uncv_17.wav,the hexagon shape,
6,Y_uncv_18.wav,the top of a staff shape,
6,Y_uncv_19.wav,the shape that has lots of hexagons in it,
6,Y_uncv_20.wav,the shape that'ss like spades,
6,Y_uncv_21.wav,the shape that look like mountains,
6,Y_uncv_22.wav,the shape that has like a river type squiggle in the middle,
6,Y_uncv_23.wav,the shape that has stars in it ,
6,Y_uncv_24.wav,the shape that has something leaking out of it ,
7,F_uncv_13_01.wav,eh the series of rectangles,
7,F_uncv_14_02.wav,the shape with the cut outs at the side and at the bottom,
7,F_uncv_15_01.wav,eh the icicles in the bucket shape,
7,F_uncv_16_03.wav,"eh the four squares in each corner again, all connected",
7,F_uncv_17_03.wav,hexagon again,
7,F_uncv_18_03.wav,ehm a shape thats a rectangle at the bottom with spikey bits at the top,
7,F_uncv_19_03.wav,eh the diagram with the hexagons ,
7,F_uncv_20_02.wav,eh the shape again which is a line going from the right hand to the left hand corner,
7,F_uncv_21_02.wav,eh diagram of triangles,
7,F_uncv_22_01.wav,the two hexagons and the shape in between ,
7,F_uncv_23_01.wav,the diagram with the stars again ,
7,F_uncv_24_02.wav,eh the two grey blobs with the white going through,
7,Y_uncv_13.wav,eh series a diagram showing a series of rectangles decreasing in size,
7,Y_uncv_14.wav,eh the shape with cut outs at the side and at the bottom ,
7,Y_uncv_15.wav,eh the circles and the bucket shape with the bigger cirlces,
7,Y_uncv_16.wav,eh the shape eh that has four squinty sqares in each corner and is connected,
7,Y_uncv_17.wav,the hexagon shape,
7,Y_uncv_18.wav,shape with the rectangle at the bottom and the spikey bits at the top,
7,Y_uncv_19.wav,"ehm it's a shape with hexagons, hexagons in it ",
7,Y_uncv_20.wav,ehh a diagram which shows a kind of a line going from the top left hand to the botom righ hand corner with different shapes coming out of that line,
7,Y_uncv_21.wav,eh triangles a drawing of triangles,
7,Y_uncv_22.wav,the shpae which is two stretch out hexagons with a river inbetween ,
7,Y_uncv_23.wav,eh it's a diagrom which has three stars in it ,
7,Y_uncv_24.wav,eh the two grey blobs with the white,
8,F_uncv_13_03.wav,bar chart,
8,F_uncv_14_03.wav,the edges with the circles ,
8,F_uncv_15_03.wav,dots,
8,F_uncv_16_02.wav,ehm the squares with the diamonds in the middle ,
8,F_uncv_17_03.wav,the hexagon ,
8,F_uncv_18_02.wav,the stick with the crown on it ,
8,F_uncv_19_03.wav,the hexagons,
8,F_uncv_20_01.wav,potatoe shape one ,
8,F_uncv_21_03.wav,mountain range ,
8,F_uncv_22_01.wav,the distored weight one ,
8,F_uncv_23_03.wav,the stars and shell shapes,
8,F_uncv_24_02.wav,the blob with the bit missing out the middle,
8,Y_uncv_13.wav,it looks like a bar chart,
8,Y_uncv_14.wav,ehm the edges with the circles missing in the middle ,
8,Y_uncv_15.wav,dots,
8,Y_uncv_16.wav,the sqaures with the diamond in the middle ,
8,Y_uncv_17.wav,the its like a hexagon with a pipe coming off it ,
8,Y_uncv_18.wav,its like a stick with a crown on top ,
8,Y_uncv_19.wav,ehm hexagons ,
8,Y_uncv_20.wav,ehm its like potatoes that have been cut in half then sort of aligned ,
8,Y_uncv_21.wav,mountain range ,
8,Y_uncv_22.wav,it looks like a distored weight ,
8,Y_uncv_23.wav,it's a shape with stars and little shells,
8,Y_uncv_24.wav,the blob with the bit missing out of it,
9,F_uncv_13_03.wav,the sfence shapes,
9,F_uncv_14_02.wav,the sort of pancake stack,
9,F_uncv_15_03.wav,the shame that’s em like circles in a grid,
9,F_uncv_16_01.wav,the sort of square shapes,
9,F_uncv_17_01.wav,the shape with like a hexagon with a tap coming off it,
9,F_uncv_18_02.wav,the shape you'd hold on to,
9,F_uncv_19_02.wav,the transformer figure,
9,F_uncv_20_01.wav,the shape that’s a diaognal with ovals coming off it,
9,F_uncv_21_03.wav,the mountain range,
9,F_uncv_22_01.wav,the shape that’s like two hexagons or something like that with a squiggle in the middle,
9,F_uncv_23_01.wav,the shape thats like stars with squiggles coming off it,
9,F_uncv_24_03.wav,the shape with the boomerang shape in the middle,
9,Y_uncv_13.wav,the fence shapes,
9,Y_uncv_14.wav,the object that’s a wee bit like a pancake stack its like ovals like,WO/CUT
9,Y_uncv_15.wav,the shape that’s em like circles with big circles in it,
9,Y_uncv_16.wav,the sort of square shapes,
9,Y_uncv_17.wav,the shape that’s like a a hexagon with a tap coming off it,
9,Y_uncv_18.wav,the shape that like you'd hold on to,
9,Y_uncv_19.wav,the action man transformer figure it’s a bit like an action man its like hexagons coming off of,WO/CUT
9,Y_uncv_20.wav,the shape that’s a diagonal with oval coming off it,
9,Y_uncv_21.wav,the mountain range,
9,Y_uncv_22.wav,the sort of hexagon shapes with the squiggle in the middle,
9,Y_uncv_23.wav,the shape that’s like stars with circles coming off it,
9,Y_uncv_24.wav,the shape that’s got like a boomerang shape in the middle,
10,F_uncv_13_01.wav,blanked out rectangles,
10,F_uncv_14_01.wav,uhh the mask shape,
10,F_uncv_15_01.wav,uhh blanked out shape with lots of circles,
10,F_uncv_16_01.wav,blanked out shape its mostly squares,
10,F_uncv_17_02.wav,the blanked out hexagon,
10,F_uncv_18_01.wav,the blanked out totem poll,
10,F_uncv_19_02.wav,blacked out hexagons,
10,F_uncv_20_01.wav,some blanked out lollipops,
10,F_uncv_21_02.wav,uhh some blanked out jagged mountains,
10,F_uncv_22_03.wav,two shaped joined by the wiggly bit,
10,F_uncv_23_01.wav,uhh blanked out shape with stars,
10,F_uncv_24_02.wav,uh blacked out shape with the cup,
10,Y_uncv_13.wav,uh some blanked out rectangles,
10,Y_uncv_14.wav,the mask shape,
10,Y_uncv_15.wav,uh a blacked out shape with lots of circles,
10,Y_uncv_16.wav,it’s a blacked out shape that’s mostly squares,
10,Y_uncv_17.wav,a blanked out hexagon,
10,Y_uncv_18.wav,um its like a  a blacked out totem poll kinda shape,
10,Y_uncv_19.wav,uh some blanked out hexagons,
10,Y_uncv_20.wav,uhh some blanked out lollipops,
10,Y_uncv_21.wav,uh some blanked out jagged mountains,
10,Y_uncv_22.wav,um is that two shapes joined by wiggly bit,
10,Y_uncv_23.wav,it’s a blacked out shape with stars in it,
10,Y_uncv_24.wav,uh a blacked out shape with the cut in the middle of it,
11,F_uncv_13_02.wav,grey and white figure that looks a lot like a fence,
11,F_uncv_14_03.wav,uh very pointy on the sides grey and white flat on top,
11,F_uncv_15_03.wav,grey white figure with lots of little circles and then five larger grey circles,
11,F_uncv_16_01.wav,em blac eh the grey and white shape with thee diamonds four diamonds on the sort of side,
11,F_uncv_17_03.wav,eh grey and white shape that looks like a tap on the side,
11,F_uncv_18_02.wav,again grey and white could be something on a stand with pointy bits at the top,
11,F_uncv_19_01.wav,the shapes again,
11,F_uncv_20_01.wav,em again the grey and white figure that kind of looks like spades,
11,F_uncv_21_01.wav,em thee blac eh the grey and white pointy triangles,
11,F_uncv_22_02.wav,grey and white figure em six sided shapes on the top and bottom with a squiggle in the centre,
11,F_uncv_23_03.wav,grey and white shape with a large star in the centre,
11,F_uncv_24_03.wav,the grey and white figure with the slim triangle but not,CUT
11,Y_uncv_13.wav,a grey and white figure that looks like a fence,
11,Y_uncv_14.wav,emm it’s a grey and white figure very very pointy along the sides on the left and right and on the top its flat,
11,Y_uncv_15.wav,emm grey and white figures with the large circle on the centre,
11,Y_uncv_16.wav,it is a grey and white figure with em four diamond shapes on the sides,
11,Y_uncv_17.wav,ehh grey and white shape that looks like a tap on the right hand side,
11,Y_uncv_18.wav,ehh grey and white stand figure that has the three pointed bits on top,
11,Y_uncv_19.wav,it’s a number of shapes looks like shapes clumped together grey and white they have em most of them have sort of six sides to them,
11,Y_uncv_20.wav,it is grey and white figures that look kind of like spades,
11,Y_uncv_21.wav,its grey and white it looks like a number of triangles pointed together,
11,Y_uncv_22.wav,eh grey and white figure two shapes one on the top and on the bottom that are six sided and in the centre is a squiggly line,
11,Y_uncv_23.wav,a grey and white figure with a large star in the centre,
11,Y_uncv_24.wav,its grey and white figure with em largely circular slighlty but with thee very slim white eh triangle in the centre,
12,F_uncv_13_03.wav,uh the bar graph,
12,F_uncv_14_02.wav,blinds,
12,F_uncv_15_02.wav,the grid with circles,
12,F_uncv_16_03.wav,the boxes,
12,F_uncv_17_01.wav,eh the camel,
12,F_uncv_18_01.wav,stick,
12,F_uncv_19_01.wav,figure,
12,F_uncv_20_03.wav,the teeth,
12,F_uncv_21_01.wav,mountain,
12,F_uncv_22_03.wav,desk lamp,
12,F_uncv_23_03.wav,the horse,
12,F_uncv_24_03.wav,the car wing mirror,
12,Y_uncv_13.wav,the one that kinda looks like a bar graph,
12,Y_uncv_14.wav,uhh the one that looks like blinds with holes in the middle and the bottom,
12,Y_uncv_15.wav,the grid with circles on it,
12,Y_uncv_16.wav,thee the big box surrounded by large uh smaller boxes,
12,Y_uncv_17.wav,one that looks a bit like a camel,
12,Y_uncv_18.wav,the one that looks like a club with spikes coming off,
12,Y_uncv_19.wav,the one that kinda looks like a boxey figure,
12,Y_uncv_20.wav,the one that kinda looks like a teeth xray,
12,Y_uncv_21.wav,mountain,
12,Y_uncv_22.wav,the one that kinda looks like a desk lamp,
12,Y_uncv_23.wav,the one that looks like a bit like a horse with boxing gloves coming out of it,
12,Y_uncv_24.wav,the one that kinda looks like a car wing mirror,
13,F_uncv_13_01.wav,the fence,
13,F_uncv_14_03.wav,emm elivs' haircut,
13,F_uncv_15_03.wav,the plant pot,
13,F_uncv_16_03.wav,silhouette with the diamond in the middle,
13,F_uncv_17_01.wav,pentagonnnn,
13,F_uncv_18_01.wav,spikey tree,
13,F_uncv_19_02.wav,the lego man,
13,F_uncv_20_03.wav,four blobs,
13,F_uncv_21_02.wav,jaggy mountain,
13,F_uncv_22_01.wav,squigley dumbell,
13,F_uncv_23_02.wav,boxing glovessss,
13,F_uncv_24_02.wav,an oval blob,
13,Y_uncv_13.wav,ehhh looks like the silhouette of a fence,
13,Y_uncv_14.wav,elvis' haircut,
13,Y_uncv_15.wav,looks the silhouette of a plant pot,
13,Y_uncv_16.wav,the silhouette with a diamond in the middle of it,
13,Y_uncv_17.wav,mm silhouette of a pentagon,
13,Y_uncv_18.wav,looks like silhouette of a spikey tree,
13,Y_uncv_19.wav,a silhouette of a lego man,
13,Y_uncv_20.wav,four blobs,
13,Y_uncv_21.wav,what looks like a silhouette of a jaggedy mountain,
13,Y_uncv_22.wav,em a silhouette of what looks like a squiggly dumbell,
13,Y_uncv_23.wav,eh the silhouette of  the boxing gloves,
13,Y_uncv_24.wav,looks like an ovel eh blob with white coming out of it,
14,F_uncv_13_01.wav,em outline of the shape like a fence,
14,F_uncv_14_02.wav,eh a the shape with the squiggly jagged edges down the right and left side,
14,F_uncv_15_03.wav,eh a outline of a shape with lots of circles,
14,F_uncv_16_02.wav,a outline of a shape with a square in the middle,
14,F_uncv_17_02.wav,an outline of a shape with a hexagon,
14,F_uncv_18_01.wav,the outline of the shape with a poll,
14,F_uncv_19_02.wav,the ssshape with outline of the shape with the hexagons,
14,F_uncv_20_02.wav,the outline of the shape with circles to each side or bits each side of the line,
14,F_uncv_21_03.wav,jaggy mountains,
14,F_uncv_22_03.wav,the hexagons with a squiggly line,
14,F_uncv_23_01.wav,eh outline of a shape with three stars in it,
14,F_uncv_24_02.wav,that same funny shape emmm yeah,
14,Y_uncv_13.wav,the outline of the shape that looks like a fence,
14,Y_uncv_14.wav,like an outline of a shape with jagged edges down the right and left side,
14,Y_uncv_15.wav,emm an outline of a shape with lots of circles,
14,Y_uncv_16.wav,a shape outline of a shape with a square in the middle,
14,Y_uncv_17.wav,a outline of a shape with a hexagon,
14,Y_uncv_18.wav,an outline of a shape with like a poll bit at the bottom,
14,Y_uncv_19.wav,a outline of a shape with hexagon four hexagons at the outside,
14,Y_uncv_20.wav,a outline of a shape with like bits coming off of each side of a straight line,
14,Y_uncv_21.wav,like jaggy mountain outline,
14,Y_uncv_22.wav,like two hexagons with a squiggly line in between,
14,Y_uncv_23.wav,eh an outline of a shape with three stars,
14,Y_uncv_24.wav,eh a black like an outline picture with kinda two circles with like a white line through it,
15,F_uncv_13_01.wav,silhouette of a fence,
15,F_uncv_14_03.wav,silhouette rabbits ears out the bottom,rabbit??
15,F_uncv_15_03.wav,ehhh four sided figure smaller at the bottom than up the top,
15,F_uncv_16_01.wav,diamond shape with four things sticking out the sides,
15,F_uncv_17_03.wav,hexagon with something sticking out of it ,
15,F_uncv_18_01.wav,symmetrical silhouette with points at the top and one stick at the bottom,
15,F_uncv_19_01.wav,silhouette of a robot,
15,F_uncv_20_03.wav,sil silhouette that looks like leaves,
15,F_uncv_21_03.wav,silhouette of mountains,
15,F_uncv_22_03.wav,elongated study lamp,
15,F_uncv_23_02.wav,silhouette of somebody looks like boxing looks,CUTOFF
15,F_uncv_24_02.wav, silhouette of a kite in grey,
15,Y_uncv_13.wav,fence,
15,Y_uncv_14.wav,silhouette with rabbits ears out at the bottom of it,
15,Y_uncv_15.wav, eh four sided figure with smaller base,
15,Y_uncv_16.wav, silhouette with diamond and four things in the corner,
15,Y_uncv_17.wav, hexagon with something sticking out of it,
15,Y_uncv_18.wav, symmetric silhouette with two points at the top,
15,Y_uncv_19.wav, silhouette of a robot,
15,Y_uncv_20.wav, silhouette that looks like leaves,
15,Y_uncv_21.wav, silhouette of mountains,
15,Y_uncv_22.wav, elongated desk lamp,
15,Y_uncv_23.wav, silhouette of somebody boxing,
15,Y_uncv_24.wav, silhouette of a kite,
16,F_uncv_13_02.wav, musical instrument,
16,F_uncv_14_02.wav, batman,
16,F_uncv_15_03.wav,again the circle thingy,
16,F_uncv_16_01.wav, again the square shaped thing,
16,F_uncv_17_01.wav,hexagon,
16,F_uncv_18_03.wav, unicorn two unicorns,
16,F_uncv_19_01.wav,um hexagon shaped thing,
16,F_uncv_20_01.wav,again the oval o,CUTOFF
16,F_uncv_21_02.wav,the triangular shaped thing,
16,F_uncv_22_03.wav,again the same rectangular thing with the twisted middle part,
16,F_uncv_23_01.wav,a starry shaped thing,
16,F_uncv_24_03.wav,loaf of bread,
16,Y_uncv_13.wav,uhh musical instrument,
16,Y_uncv_14.wav,umm the thing that looks a bit like batman with the spikey things coming from either side,
16,Y_uncv_15.wav,uhh circular thing grey colored circular thingy,
16,Y_uncv_16.wav,uh the again the square shaped thing,
16,Y_uncv_17.wav,hexagon,
16,Y_uncv_18.wav,unicorns two unicorns,
16,Y_uncv_19.wav,uhh hexagon shaped thingy,
16,Y_uncv_20.wav,uhh again the oval things o,CUTOFF
16,Y_uncv_21.wav,uhhhh the triangular shaped thing again,
16,Y_uncv_22.wav,um two rectangular pieces with the twisted middle part,
16,Y_uncv_23.wav,star shaped grey colour thing,mumbles to herself before speaking
16,Y_uncv_24.wav,uhh the thing that’s shaped like a a piece of lo like a loaf of bread uneven loaf of bread,
17,F_uncv_13_03.wav, the co grey columns going down in size,starts to say columns - very slightly then changes
17,F_uncv_14_01.wav,em the grey shape with the white cut out bits at the bottom symmetrical at the sides,
17,F_uncv_15_02.wav,a collection of grey dots on a white background,
17,F_uncv_16_02.wav,eh collection of shapes four grey squares and a diamond in the middle,
17,F_uncv_17_02.wav,hexagon with a what looks like a pipe coming out the side,
17,F_uncv_18_01.wav,the shape again with the animals face and the line at the top bottom,
17,F_uncv_19_01.wav,a collection of shapes hexagons oh,
17,F_uncv_20_01.wav,same collection of semi-circles larger at the left hand side,
17,F_uncv_21_01.wav,again the grey shape that looks like mount pointed mountains,
17,F_uncv_22_02.wav,the two squig the two shapes with the squiggly bit in the middle again,
17,F_uncv_23_03.wav,grey shapes again with pointed bits at the bottom and left hand side and the circular bits at the right hand side,
17,F_uncv_24_02.wav,a grey splodge with the white sharp bit cut out in the middle,
17,Y_uncv_13.wav,um grey columns going down in size from left to right,
17,Y_uncv_14.wav,um a grey shape the white background um sort of symmetrical at the sides and two white cut out bits at the bottom,
17,Y_uncv_15.wav,a collection of grey dots on a white background,
17,Y_uncv_16.wav,collection of shapes four grey squares at each corner and a diamond in the middle,
17,Y_uncv_17.wav,a grey hexagon with what looks like a pipe coming out the side,
17,Y_uncv_18.wav,a shape with what looks like the shape of an animals face and a line at the bottom,
17,Y_uncv_19.wav,collection of shapes grey hexagons,
17,Y_uncv_20.wav,a collection of em grey shapes or semi-circles larger at the left hand side,
17,Y_uncv_21.wav,um a grey shape with pointed um triangles almost like mountains,
17,Y_uncv_22.wav,um theres two hexagon shapes with a squiggly bit in the middle,
17,Y_uncv_23.wav,um grey shape um pointed triangular bits at the bottom and left hand side and some two circular bits at the right hand side,
17,Y_uncv_24.wav,a grey splodge mark with a white sharp bit in the middle,
18,F_uncv_13_03.wav,piano,
18,F_uncv_14_02.wav,the shape with the side jagged sides,
18,F_uncv_15_03.wav,dots and circles,
18,F_uncv_16_01.wav,diamond with the squares on the corners,
18,F_uncv_17_01.wav,eh the selfie stick shape,
18,F_uncv_18_02.wav,unicorn stick,
18,F_uncv_19_02.wav,em the weird shape that looks like punching,
18,F_uncv_20_02.wav,uh washing line with clothes,
18,F_uncv_21_02.wav,jagged mountain,
18,F_uncv_22_03.wav,the shapes with the hexagons in the river,
18,F_uncv_23_03.wav,eh the boxing and the stars,
18,F_uncv_24_01.wav,eh obscure shape with the white line through,not sure if white?
18,Y_uncv_13.wav,piano scales,
18,Y_uncv_14.wav,em it’s a shape with jagged sides and cut two cut outs at the bottom,
18,Y_uncv_15.wav,em the shape with lots of dots and fffive large circles within the mix its like a basket shape,
18,Y_uncv_16.wav,diamond with squares in the corner,
18,Y_uncv_17.wav,a hexagon with a selfie stick coming out the side,
18,Y_uncv_18.wav,um a ssstick with two unicorns on either side,
18,Y_uncv_19.wav,em its one of the shapes  it looks eh its got four hexagons round the side and it looks like someone punching,
18,Y_uncv_20.wav,ehh its like a line with clothes coming off of it like a washing line,
18,Y_uncv_21.wav,jagged mountains,
18,Y_uncv_22.wav,em a hexagon with a river and hexagon,
18,Y_uncv_23.wav,em the boxing gloves and the stars shapes,
18,Y_uncv_24.wav,eh this is like an obscure eight with a line through,
19,F_uncv_13_02.wav,eh its silhouette of the fence going off into the distance,
19,F_uncv_14_03.wav,ehh the grey silhouette with the jagged edges and the plato at the top,
19,F_uncv_15_02.wav,eh silhouette with circles larger circles on top of smaller circles,
19,F_uncv_16_02.wav,eh the same grey silhouette again diamond shape with the squares at each corner,
19,F_uncv_17_02.wav,eh yeah just that silhouette with eh,CUTOFF
19,F_uncv_18_02.wav,eh two dragon heads on a poll,
19,F_uncv_19_03.wav,eh six sided square silhouette shapes,
19,F_uncv_20_01.wav,eh grey silhouette again ehh,CUTOFF
19,F_uncv_21_02.wav,eh that silhouette of a spikey mountain backdrop,
19,F_uncv_22_02.wav,six sided squares with a squiggly line,
19,F_uncv_23_02.wav,eh that same grey silhouette with the stars and the sort of circular shapes,
19,F_uncv_24_03.wav,ehh again that silhouette with the white slash through it,
19,Y_uncv_13.wav,ehh silhouette looks like a fence going off into the distance,
19,Y_uncv_14.wav,it’s a grey silhouette with em a plato at the top two jagged edges and two sorta semi-circle shapes,
19,Y_uncv_15.wav,it’s a silhouette with circle large circles on top of smaller cicles,
19,Y_uncv_16.wav,eh it’s a grey silhouette it’s a  diamond shape in the middle eh square each corner em and its connected onto the sort of diamond in the middle,
19,Y_uncv_17.wav,yeah silhouette it looks like a sink sort of pipe coming out it em black silhouette two wee spikes and one em rectangular shape on that,
19,Y_uncv_18.wav,eh looks like two dragon heads on a poll,
19,Y_uncv_19.wav,eh the grey silhouette with six sided squares onto other shapes,
19,Y_uncv_20.wav,eh the grey silhouette sort of looks like badminton racketsss,
19,Y_uncv_21.wav,eh it’s a grey silhouette looks like a spikey mountain backdrop,
19,Y_uncv_22.wav,ehh two six sided squares with a  squiggley line in between them,
19,Y_uncv_23.wav,eh it’s a grey silhouette its combination of star looking shapes and circular objects all mashed together,
19,Y_uncv_24.wav,eh that same dark silhouette with the sort of white slash cutting through the middle of it,
20,F_uncv_13_01.wav,eh the bar graph,
20,F_uncv_14_02.wav,eh its that shape again with the circles at the bottom,
20,F_uncv_15_03.wav,em the circle shapes again,
20,F_uncv_16_01.wav,and its again the shape with the four squares on each corner,
20,F_uncv_17_01.wav,the hexagon shape again,
20,F_uncv_18_01.wav,the poll with the triangles on the top,
20,F_uncv_19_02.wav,the hexagon shapes again,
20,F_uncv_20_01.wav,the cicular shapes again,
20,F_uncv_21_02.wav,the triangular shapes again,
20,F_uncv_22_02.wav,the squiggly line with the two shapes on top and bottom,
20,F_uncv_23_02.wav,it’s the star shapes,
20,F_uncv_24_03.wav,thee speech bubble with the triangle inside,
20,Y_uncv_13.wav,em bar its like a bar graph,
20,Y_uncv_14.wav,em its like a kind of weird shape wi its got little circle spaces at the bottom,
20,Y_uncv_15.wav,em its like a bunch of circle shapes and got filled circles inside,
20,Y_uncv_16.wav,it’s the shape with the four ssquares in each corner,
20,Y_uncv_17.wav,em it’s the hexagon shape with the little looks a bit like a tap on the side,
20,Y_uncv_18.wav,em its like a poll and its got three triangle on the top,
20,Y_uncv_19.wav,the hexagon shapes,
20,Y_uncv_20.wav,its like a circular shapes em in two rows,
20,Y_uncv_21.wav,eh it’s a bunch of triangular shapes together,
20,Y_uncv_22.wav,it’s the squiggly shape with em a square on the bottom and the top,
20,Y_uncv_23.wav,its em the shape that’s got like little stars in it its about three stars,
20,Y_uncv_24.wav,em its like a speech bubble with a triangular shape inside,
21,F_uncv_13_01.wav,eh the grey fence,
21,F_uncv_14_02.wav,eh the grey pattern with m on the bottom,hard to make out CUTOFF
21,F_uncv_15_01.wav,eh the grey pattern with all the circles,
21,F_uncv_16_03.wav,the grey diamond,
21,F_uncv_17_02.wav,the hexagon shape,
21,F_uncv_18_01.wav,eh the grey pattern withou with the long rectangle,
21,F_uncv_19_01.wav,the hexagon shape,
21,F_uncv_20_01.wav,thee pattern with the diagonal line,
21,F_uncv_21_02.wav,ehh the mountain shapes,
21,F_uncv_22_03.wav,thee wiggly shape,
21,F_uncv_23_01.wav,the greeey shape with the stars,
21,F_uncv_24_01.wav,thee big grey pattern with the boomerang going,CUTOFF
21,Y_uncv_13.wav,umm the grey fence,
21,Y_uncv_14.wav,emm the grey pattern with the m on the bottom,
21,Y_uncv_15.wav,um a grey pattern with lots of circles,
21,Y_uncv_16.wav,eh the grey diamond pattern,
21,Y_uncv_17.wav,the hexagon shape,
21,Y_uncv_18.wav,thee grey pattern with the long grey the trian the rectangle sorry,
21,Y_uncv_19.wav,thee hexagon shape,
21,Y_uncv_20.wav,emm thee pattern with the diagonal line,
21,Y_uncv_21.wav,eh the grey shape that looks like mountains,
21,Y_uncv_22.wav,thee wiggly shape,
21,Y_uncv_23.wav,eh a grey shape with stars in it,
21,Y_uncv_24.wav,eh thee grey pattern that’s got like a white boomerang going through it,
22,F_uncv_13_02.wav,grey xylophone,
22,F_uncv_14_03.wav,eh grey shape with the two things out of the bottom,
22,F_uncv_15_01.wav,bunch of grey circles,
22,F_uncv_16_02.wav,grey shape with the diamond,
22,F_uncv_17_02.wav,hexagon shape,
22,F_uncv_18_02.wav,grey shape with a stake,
22,F_uncv_19_01.wav,grey hexagons,
22,F_uncv_20_03.wav,uh thee alternating grey shape,
22,F_uncv_21_03.wav,grey triangles,
22,F_uncv_22_01.wav,two hexagons in a squiggle,
22,F_uncv_23_02.wav,umm grey shapeless stars,
22,F_uncv_24_01.wav,uh grey shape with a small piece out of the middle,
22,Y_uncv_13.wav,grey xylophone,
22,Y_uncv_14.wav,um grey shape with two pieces cut out of the bottom,
22,Y_uncv_15.wav,um grey shape that’s a bunch of circles,
22,Y_uncv_16.wav,grey shape with a diamond in the middle,
22,Y_uncv_17.wav,um the hexagon shape,
22,Y_uncv_18.wav,uh grey shape on a stake,
22,Y_uncv_19.wav,aa grey shape with hexagons,
22,Y_uncv_20.wav,a grey shape alternating on either side of a straight line,
22,Y_uncv_21.wav,um grey shape with triangles,
22,Y_uncv_22.wav,grey shape that’s two hexagons connected by a squiggle,
22,Y_uncv_23.wav,a grey shape with stars,
22,Y_uncv_24.wav,a grey shape with a thin piece cut out of the middle,
23,F_uncv_13_01.wav,graph shape,
23,F_uncv_14_03.wav,the funny shape with the ears at the bottom,
23,F_uncv_15_02.wav,the shape with the five circles and the ,CUTOFF
23,F_uncv_16_02.wav,the shape like a z,
23,F_uncv_17_01.wav,the shape with a tap at the end,
23,F_uncv_18_03.wav,the face shape with the crown on the top,
23,F_uncv_19_02.wav,the hexagon and pentagon shapes,
23,F_uncv_20_03.wav,the shape like lots of u's,
23,F_uncv_21_02.wav,triangle shapes,
23,F_uncv_22_03.wav,eh squiggly line shape,
23,F_uncv_23_02.wav,the shape with a star in the middle,
23,F_uncv_24_01.wav,rounded shape with a spike,
23,Y_uncv_13.wav,graph shape,
23,Y_uncv_14.wav,thee funny shape with the ears at the bottom,
23,Y_uncv_15.wav,the five circles with lots of little ones,
23,Y_uncv_16.wav,um a shape that’s like a z backwards,
23,Y_uncv_17.wav,a hexagon shape with a tap,
23,Y_uncv_18.wav,um the shape its like a crown on the top and a face reflected back on itself,
23,Y_uncv_19.wav,the shapes like pentagons,
23,Y_uncv_20.wav,the shape like a lot of u's ,
23,Y_uncv_21.wav,triangle shapes,
23,Y_uncv_22.wav,a squiggly line shhape two ends,
23,Y_uncv_23.wav,the shape with a star in the middle,
23,Y_uncv_24.wav,the shape with a circle with a spike through it,
24,F_uncv_13_03.wav,em signs that are all connected like a wifi sign,
24,F_uncv_14_03.wav,ehh a shape and its jagged on either side and its got cuts out the bottom of it,
24,F_uncv_15_01.wav,eh dots and theres clusters in the middle of them,
24,F_uncv_16_03.wav,shapes with a diamond cut out the middle,
24,F_uncv_17_01.wav,a shape with another shape coming off of it,
24,F_uncv_18_01.wav,a shape that looks like a mask on a stick,
24,F_uncv_19_03.wav,eh a shape that looks like its bending down to get something,
24,F_uncv_20_01.wav,eh four shapes on one side and lots of little shapes on the other side,
24,F_uncv_21_02.wav,ehh shape that looks like its mountains,
24,F_uncv_22_03.wav,ehh two shapes with a ssquiggle in the middle,
24,F_uncv_23_02.wav,ehhh a shape that looks like its boxing,
24,F_uncv_24_02.wav,eh a shape with a paper plane stuck in the middle,"almost says something beginning with ""fl"" before plane"
24,Y_uncv_13.wav,eh shapes that are all connected like a wifi sign,
24,Y_uncv_14.wav,a shape that’s jagged on either side and its got two cut out bits at the bottom,
24,Y_uncv_15.wav,dots that are all connected and theres cu clusters in the middle of it,UF
24,Y_uncv_16.wav,shapes and its got a diamond cut out the middle,
24,Y_uncv_17.wav,emm a shape with another shape coming off of it,
24,Y_uncv_18.wav,aaa shape that looks like it’s a mask on a stick,
24,Y_uncv_19.wav,a shape that looks like its bending over,
24,Y_uncv_20.wav,ehh its four shapes on one side and lots of little shapes on the other side,
24,Y_uncv_21.wav,shapes that looks like its mountains,
24,Y_uncv_22.wav,ehh its two shapes with a curve in the middle,
24,Y_uncv_23.wav,ehh it’s a shape that looks like its boxing,
24,Y_uncv_24.wav,aaa shape with a paper plane stuck in the middle,
25,F_uncv_13_01.wav,the rectangles,
25,F_uncv_14_01.wav,ehh the repeated lines again,CUTOFF
25,F_uncv_15_03.wav,eh the circles again,
25,F_uncv_16_02.wav,eh the square in the middle,
25,F_uncv_17_01.wav,eh the octagon,
25,F_uncv_18_02.wav,eh the shapes of rectan rectangle at the bottom again,
25,F_uncv_19_01.wav,eh the octagons again,
25,F_uncv_20_03.wav,the shapes been cut in half,
25,F_uncv_21_01.wav,the triangles,
25,F_uncv_22_02.wav,eh two octagons,
25,F_uncv_23_03.wav,the stars again,
25,F_uncv_24_01.wav,the two circles,
25,Y_uncv_13.wav,eh rectangles getting gradually smaller,
25,Y_uncv_14.wav,eh kinda like eh repeated lines then with a circle at the bottom kinda cut out,
25,Y_uncv_15.wav,it’s eh lots of circles with kinda circles eh larger circles one in the middle and two underneath it and two above it,
25,Y_uncv_16.wav,the shapes which have a square in the middle,
25,Y_uncv_17.wav,eh an octagon with eh shapes coming out it to the right,
25,Y_uncv_18.wav,eh shapes with a rectangle kinda verti is it vertically at the bottom,
25,Y_uncv_19.wav,eh it’s a kinda bunch of shapes but its eh mainly octagons on the outside of it,
25,Y_uncv_20.wav,the shapes which have been cut in half,
25,Y_uncv_21.wav,the shapes which are mainly triangles,
25,Y_uncv_22.wav,eh two octagons with a kinda squiggly line in between it,
25,Y_uncv_23.wav,eh its eh shapes but with ss eh stars in it,UF
25,Y_uncv_24.wav,its eh kinda two large circles ish circle shapes em with cut eh a bit cut out of it,
26,F_uncv_13_02.wav,geometric shape with rectangles,
26,F_uncv_14_03.wav,eh the geometric shape that’s a bit like a headdress,
26,F_uncv_15_02.wav,the circles geometric shape,
26,F_uncv_16_01.wav,the geometric shape with the lines and the squares,
26,F_uncv_17_02.wav,a hexagon with an arm,
26,F_uncv_18_03.wav,eh the sor dog shaped head on a stick,
26,F_uncv_19_02.wav,eh geometric shape with lots of hexagons,
26,F_uncv_20_02.wav,sort of trill geometric shape,
26,F_uncv_21_02.wav,the mountain geometric shape,
26,F_uncv_22_03.wav,a geometric shape with two hexagons,
26,F_uncv_23_01.wav,the geometric shape with the star in the middle,
26,F_uncv_24_02.wav,ehh the geometric blob shape with white triangle,
26,Y_uncv_13.wav,eh geometric shape with rectangles,
26,Y_uncv_14.wav,eh the geometric shape like a headdress,
26,Y_uncv_15.wav,the geometric shape with the circles,
26,Y_uncv_16.wav,the geometric shape with the four squares,
26,Y_uncv_17.wav,a hexagon with an arm shape,
26,Y_uncv_18.wav,eh the sort of dog head on a stick,
26,Y_uncv_19.wav,eh geometric shape with lots of hexagons,
26,Y_uncv_20.wav,sort of trill shape geometric shape,
26,Y_uncv_21.wav,the mountain geometrical shapes,
26,Y_uncv_22.wav,a hexagon eh geometric shape with two hexagons sorry,CUTOFF but think it was sorry
26,Y_uncv_23.wav,eh the geometric shape with a star in the middle,
26,Y_uncv_24.wav,eh geometric blob shape with the triangles in the middle,
27,F_uncv_13_02.wav,gradual lines eh getting bigger,
27,F_uncv_14_01.wav,spiked curve inward shape,
27,F_uncv_15_01.wav,loads of dots going to v,??
27,F_uncv_16_03.wav,tri eh diamond with squares at the side,
27,F_uncv_17_02.wav,shape that goes to the and the kinda hexagon to up to the side with spikes,
27,F_uncv_18_02.wav,jaggy top flower thing,
27,F_uncv_19_01.wav,he eh hexagon shapes,
27,F_uncv_20_01.wav,foot print shapes,
27,F_uncv_21_02.wav,glacier shapes,
27,F_uncv_22_01.wav,ehh rectangular thing that ends in the spiral,
27,F_uncv_23_02.wav,star shape with the circles,
27,F_uncv_24_03.wav,circular shape with white insert,
27,Y_uncv_13.wav,gradual lines getting bigger,
27,Y_uncv_14.wav,spiked inward curve shape,
27,Y_uncv_15.wav,eh loads of dots going to a v,
27,Y_uncv_16.wav,eh diamond with squares at the side,
27,Y_uncv_17.wav,em hexagon shape that goes up to the side like a video camera with spikes,
27,Y_uncv_18.wav,jagged eh flower thing,
27,Y_uncv_19.wav,loads of hexagon shapes yeah,
27,Y_uncv_20.wav,foot print shapes,
27,Y_uncv_21.wav,glacier shaped spike,
27,Y_uncv_22.wav,em rectangular shape with point sides and then the squiggle,
27,Y_uncv_23.wav,star shape with circles,
27,Y_uncv_24.wav,em circles with eh white insert,
28,F_uncv_13_03.wav,eh rectangles getting smaller,
28,F_uncv_14_02.wav,a kind of mask shape its like a a square with circles cut out of it at the bottom and its half circles on the side,
28,F_uncv_15_03.wav,um lots of small circles uhh like going inward towards the bottom with eh big circles between them,
28,F_uncv_16_02.wav,em sor angled squares in each corner eh connected by like a bigger square in the middle without eh with like the centre of it taken out its at an angle,
28,F_uncv_17_03.wav,hexagon with um a handle thing coming out of it,
28,F_uncv_18_03.wav,a jesters staff,
28,F_uncv_19_02.wav,uhh hexagons arranged in the shape of a person falling,
28,F_uncv_20_01.wav,um like ovals fragmented,
28,F_uncv_21_02.wav,eh triangles arranged like trees,
28,F_uncv_22_02.wav,two hexagons like intersected by a squiggly line,
28,F_uncv_23_03.wav,um stars with shells coming out of them,
28,F_uncv_24_01.wav,eh two ovals with em triangles cut out the middle,
28,Y_uncv_13.wav,eh rectangles sort of decending in size,
28,Y_uncv_14.wav,eh a mask shape that’s got circles cut out the bottom and its like a a square with half circles on the side,
28,Y_uncv_15.wav,eh lots of small circles going in towards the bottom with like big circles in between them,
28,Y_uncv_16.wav,uh sq likes theres like a square in each corner with um a middle square with the centre missing,
28,Y_uncv_17.wav,eh a hexagon with like eh rectangles coming out of it wh,CUTOFF
28,Y_uncv_18.wav,the jesters staff,
28,Y_uncv_19.wav,a hexagons arranged in the shape of a person falling,
28,Y_uncv_20.wav,eh ovals fragmented,
28,Y_uncv_21.wav,triangles arranged to look like trees,
28,Y_uncv_22.wav,eh two hexagons with a squiggly bit connecting them,
28,Y_uncv_23.wav,eh stars with shell shapes coming out of them,
28,Y_uncv_24.wav,eh two ovals intersected with triangles cut out of the middle,
29,F_uncv_13_01.wav,rectangles decreasing in size,
29,F_uncv_14_03.wav,this is the grey shape with the circle and the indents in the side,
29,F_uncv_15_03.wav,the circles meshing together,
29,F_uncv_16_01.wav,the grey shape with the diamond in the middle and the squares on the end,
29,F_uncv_17_02.wav,the hexagon with the shape sticking out of it,
29,F_uncv_18_02.wav,the grey thing with sharp triangles on top of a poll,
29,F_uncv_19_01.wav,this is a grey hexagon shape,
29,F_uncv_20_02.wav,the ice lollies with the semi-circles,
29,F_uncv_21_03.wav,the shape made up of triangles,
29,F_uncv_22_03.wav,the hexagons joined together by the squiggly line,
29,F_uncv_23_03.wav,the stars with the shells at the end of them,
29,F_uncv_24_03.wav,the grey shape with the really thin triangles cut out from it,
29,Y_uncv_13.wav,its rectangles decreasing in size,
29,Y_uncv_14.wav,this is a grey shape its flat at the top and its got little triangle indents along the sides and at the bottom theres like a hole where theres like a circle and a sort of bit of a circle cut out,
29,Y_uncv_15.wav,the circles meshing together,
29,Y_uncv_16.wav,this is a grey shape that’s got a diamond in the middle and squares at the ends at the top and the bottom,
29,Y_uncv_17.wav,this is a grey hexagon with a shape that’s sticking ninety degrees out and then ninety degrees again up,
29,Y_uncv_18.wav,a grey thing with sharp triangles at the top on top of a poll,
29,Y_uncv_19.wav,this is a grey hexagon shape that looks kinda like a man,
29,Y_uncv_20.wav,these look like grey ice lollies that are joined together with semi-circles,
29,Y_uncv_21.wav,the shape made up of triangles,
29,Y_uncv_22.wav,two grey hexagons joined together by a squiggly line,
29,Y_uncv_23.wav,the stars with shells at the edge of them,
29,Y_uncv_24.wav,this is a grey shape with ss thin triangles cut out from it,UF
30,F_uncv_13_01.wav,fence posts,
30,F_uncv_14_02.wav,hair,
30,F_uncv_15_02.wav,splodgy things,
30,F_uncv_16_03.wav,eh parollelograms,
30,F_uncv_17_03.wav,hexagon,
30,F_uncv_18_01.wav,eh staff thing,
30,F_uncv_19_01.wav,hexagony thing,
30,F_uncv_20_02.wav,shovels,
30,F_uncv_21_01.wav,mountains,
30,F_uncv_22_01.wav,squiggly line hexagon thing,
30,F_uncv_23_01.wav,ehh three stars,
30,F_uncv_24_01.wav,the thing with the triangles again,
30,Y_uncv_13.wav,the fence posts,
30,Y_uncv_14.wav,the the sort of thing that looks like cartoon hair its got like a wee hairline with a flick in the middle,
30,Y_uncv_15.wav,eh thing that looks like lots of dots with little splodges on it,
30,Y_uncv_16.wav,parallelogrammy triangle thing,
30,Y_uncv_17.wav,the hexagon,
30,Y_uncv_18.wav,it’s a sort of staff thing with the jesters hat on it so long,CUTOFF
30,Y_uncv_19.wav,eh hexagon thing,
30,Y_uncv_20.wav,the thing that looks kinda like a row of shovels,
30,Y_uncv_21.wav,the thing that looks kinda like a mountain range,
30,Y_uncv_22.wav,hexagony thing with squiggly line,
30,Y_uncv_23.wav,three stars,CHECK
30,Y_uncv_24.wav,the sort of weird roundish shape that’s got two triangles two white triangles in the middle,
31,F_uncv_13_02.wav,the bar graph silhouette,
31,F_uncv_14_02.wav,em silhouette with the two shapes cut out the bottom of it,
31,F_uncv_15_02.wav, silhouette with all the dots,
31,F_uncv_16_02.wav,and it’s the silhouette with the the squinty squares in the corner,
31,F_uncv_17_02.wav,the hexagon silhouette,
31,F_uncv_18_01.wav,and the totem poll triangular thing on a stick,
31,F_uncv_19_01.wav,emm the shape with the hexagons,
31,F_uncv_20_01.wav,the silhouette on the line facing each other,
31,F_uncv_21_03.wav,theee silhouette that looks like a mountain range,
31,F_uncv_22_02.wav,the silhouette with the skinny bit in middle,
31,F_uncv_23_03.wav,and the fancier silhouette with the two circles poking out towards the right,
31,F_uncv_24_01.wav,the silhouette with a cut in it,
31,Y_uncv_13.wav,em the silhouette of what looks like a bar graph that’s going down towards the right,
31,Y_uncv_14.wav,thee silhouette with the two shapes cut out the bottom of it,
31,Y_uncv_15.wav,the silhouette with all the dots,
31,Y_uncv_16.wav,the silhouette with the squinty cor the squinty squares in the corner,
31,Y_uncv_17.wav,the silhouette with a hexagon in it,
31,Y_uncv_18.wav,em it’s a silhouette with a little traingular thing it looks like the top of a totem poll its on a stick,
31,Y_uncv_19.wav,the silhouette with the hexagons,
31,Y_uncv_20.wav,the cylindrical silhouette on the line,
31,Y_uncv_21.wav,thee silhouette that looks like a mountain range,
31,Y_uncv_22.wav,the silhouette with a skinny bit in the middle,
31,Y_uncv_23.wav,em the fancier silhouette with the two circuly bits towards the right hand side,
31,Y_uncv_24.wav,the silhouette with the cut in it,
32,F_uncv_13_02.wav,fence,
32,F_uncv_14_02.wav,the bear claw,
32,F_uncv_15_01.wav,the paper basket shape,
32,F_uncv_16_02.wav,the arrows with the boxes again,
32,F_uncv_17_01.wav,the shape with the hexagon and the tap,
32,F_uncv_18_01.wav,the crown on the stick shape,
32,F_uncv_19_01.wav,the hexagon man,
32,F_uncv_20_03.wav,eh the finger shape thing,
32,F_uncv_21_01.wav,the moutain shape,
32,F_uncv_22_03.wav,the hexagon squiggle,
32,F_uncv_23_02.wav,em the mystery shape,CUTOFF
32,F_uncv_24_01.wav,the cracking egg shape,
32,Y_uncv_13.wav,eh the like descending fence,
32,Y_uncv_14.wav,its eh greyed out shape kinda like a claw,
32,Y_uncv_15.wav,the paper basket shape,
32,Y_uncv_16.wav,the arrows with the squares,
32,Y_uncv_17.wav,it’s a shape which is a hexagon with like a tap fosset,
32,Y_uncv_18.wav,its like a crown on a stick shape,
32,Y_uncv_19.wav,eh its like a hexagon shape man,
32,Y_uncv_20.wav,em oh sure its like finger like kind of greyed out shapes on both sides of the line,
32,Y_uncv_21.wav,the mountain shape,
32,Y_uncv_22.wav,the hexagon squiggle,
32,Y_uncv_23.wav,ehh the shape with the gloves,
32,Y_uncv_24.wav,eh the cracking egg shape,
33,F_uncv_13_01.wav,vertical lines,
33,F_uncv_14_03.wav,the strange symmetrical shape,
33,F_uncv_15_02.wav,the circles,
33,F_uncv_16_01.wav,symmetrical shape with the squares,
33,F_uncv_17_01.wav,hexagon,
33,F_uncv_18_03.wav,the symmetrical shape,
33,F_uncv_19_02.wav,the hexagons,
33,F_uncv_20_02.wav,eh the oval shapes again,
33,F_uncv_21_02.wav,the triangles,
33,F_uncv_22_03.wav,the two hexagons connected,
33,F_uncv_23_03.wav,em strange shapes joined together,
33,F_uncv_24_01.wav,the two strange shapes,
33,Y_uncv_13.wav,the vertical lines,
33,Y_uncv_14.wav,em a strange shape that’s almost symmetrical theres,CUTOFF
33,Y_uncv_15.wav,em lots of circles together,
33,Y_uncv_16.wav,symmetrical shape with the squares,
33,Y_uncv_17.wav,a hexagon,
33,Y_uncv_18.wav,the symmetrical shape with the crown on top,
33,Y_uncv_19.wav,the hexagons joined together,
33,Y_uncv_20.wav,em its like a series of like weird sort of oval shapes almost look like they’ve been cut in half,CHECK
33,Y_uncv_21.wav,the triangles put together,
33,Y_uncv_22.wav,two hexagons connected by a line,
33,Y_uncv_23.wav,emm strange shapes joined together theres a star theres a few circles,
33,Y_uncv_24.wav,eh the two strange shapes connected together it looks sort of like two distorted circles,WO
34,F_uncv_13_01.wav,eh lines going into the distance,
34,F_uncv_14_03.wav,a shape with two bits cut out the bottom,
34,F_uncv_15_01.wav,a shape with lots of dots,
34,F_uncv_16_02.wav,a diamond shape with squares,
34,F_uncv_17_03.wav,a shape with a line coming off,CUTOFF
34,F_uncv_18_01.wav,eh spikey topped poll shape,
34,F_uncv_19_01.wav,angualr shapes with a wee nose,
34,F_uncv_20_02.wav,a line with shapes on either side,
34,F_uncv_21_01.wav,a mountaneous shape,
34,F_uncv_22_02.wav,two shapes with a wavy line between them,
34,F_uncv_23_02.wav,a shape with a star in the middle,
34,F_uncv_24_02.wav,aaa blob with something cut out of the middle,
34,Y_uncv_13.wav,ehhh lines going into the distance,
34,Y_uncv_14.wav,a shape with two but cut out the bottom,
34,Y_uncv_15.wav,eh shape with lots of dots in a row,
34,Y_uncv_16.wav,aaa diamond shape with squares,
34,Y_uncv_17.wav,a shape with a line coming from it,
34,Y_uncv_18.wav,a shape that’s got something spikey on top of a poll,
34,Y_uncv_19.wav,angular shapesss clumped together,
34,Y_uncv_20.wav,a line with shapes on either side,
34,Y_uncv_21.wav,a mountaneous shape,
34,Y_uncv_22.wav,eh two shapes with connected by a wavy line,
34,Y_uncv_23.wav,eh a sst shape with a star in the middle,UF
34,Y_uncv_24.wav,a blob with something cut out the middle,
35,F_uncv_13_02.wav,fence,
35,F_uncv_14_03.wav,that shape with the lines cut out,
35,F_uncv_15_01.wav,the wee dots in a row again,
35,F_uncv_16_01.wav,eh the shape I just realised theres been two there with st eh squares around the side I'm sorry eh the one that’s not got the circle the one that’s got the it looks like a square side on square in the middle and squares on the side,
35,F_uncv_17_03.wav,the dragon,
35,F_uncv_18_02.wav,the holdy thing with the points,
35,F_uncv_19_01.wav,the hexagon shape,
35,F_uncv_20_03.wav,the shapes going up in a diagonal,
35,F_uncv_21_03.wav,the mountain shape,
35,F_uncv_22_03.wav,the shape with squiggly bit,
35,F_uncv_23_02.wav,thee shape that’s got stars on it,
35,F_uncv_24_01.wav,the shape that’s got the thing cut out the middle,
35,Y_uncv_13.wav,the fence,
35,Y_uncv_14.wav,the shape with the sides cut out and the flat bit at the top,
35,Y_uncv_15.wav,the wee pattern that’s got loads of wee dots in a row,
35,Y_uncv_16.wav,the shape with the like side on square in the middle,
35,Y_uncv_17.wav,the shape that’s sorta like a hexagon,
35,Y_uncv_18.wav,the thing with the two points and the holdy thing,
35,Y_uncv_19.wav,the hexagony shape the grey,CUTOFF
35,Y_uncv_20.wav,the shapes going up in a diagonal way,
35,Y_uncv_21.wav,the mountian shape thing,
35,Y_uncv_22.wav,the shape with the squiggly bit in the middle,
35,Y_uncv_23.wav,a weird shape with stars it looks like it,
35,Y_uncv_24.wav,the shape that’s got the bit cut out in the middle,
36,F_uncv_13_01.wav,eh connected lines,
36,F_uncv_14_01.wav,a grey shape with two white semi-circles,
36,F_uncv_15_01.wav,grey dots in the form of a chessboard,
36,F_uncv_16_02.wav,ehh four squares connected by the central square,
36,F_uncv_17_02.wav,eh square shaped giraffe,
36,F_uncv_18_03.wav,ehhhm two lines backwards,
36,F_uncv_19_03.wav,hexagons,
36,F_uncv_20_03.wav,em li a line with semi-ovals on either side,UF
36,F_uncv_21_01.wav,eh triangle shapes from a mountain,
36,F_uncv_22_02.wav,two pentagons connected by a river,
36,F_uncv_23_03.wav,eh chicken star with stars,
36,F_uncv_24_02.wav,em a grey oval with a white chunk missing,
36,Y_uncv_13.wav,connected lines,
36,Y_uncv_14.wav,eh a grey shape with two semi white semi circles,
36,Y_uncv_15.wav,grey shapes in the form of a chessboard,
36,Y_uncv_16.wav,four squares connected by a lopsided central square,
36,Y_uncv_17.wav,a square shaped giraffe,
36,Y_uncv_18.wav,eh two lines backwards,
36,Y_uncv_19.wav,eh hexagons,
36,Y_uncv_20.wav,a line with semi-ovals on either side,
36,Y_uncv_21.wav,a triangleee shape in a  mountain triangles as a mountain,
36,Y_uncv_22.wav,two pentagons connected by a river,
36,Y_uncv_23.wav,aaa chicken shape a grey chicken shape with stars,CUTOFF
36,Y_uncv_24.wav,emmm a grey oval with a white chunk missing,
37,F_uncv_13_02.wav,eh shapes with rectangles,
37,F_uncv_14_01.wav,eh a shape with zig-zags on the sides,
37,F_uncv_15_02.wav,a shape that looks like it holds your pop corn in it,
37,F_uncv_16_01.wav,eh a shape with a diamond in the middle,
37,F_uncv_17_03.wav,eh a shape with a hexagon with something coming out of it,
37,F_uncv_18_01.wav,eh shape that makes a w on the top,
37,F_uncv_19_03.wav,ehh a shape of hexagons,
37,F_uncv_20_01.wav,emm little oval shaded half ovals shaded in,
37,F_uncv_21_03.wav,eh triangular shape,CUTOFF
37,F_uncv_22_03.wav,emmm shape with two hexagons joined together,
37,F_uncv_23_03.wav,eh shape with stars in it,
37,F_uncv_24_02.wav,a shape eh kin coloured in with a stripe down the middle and right,UF
37,Y_uncv_13.wav,eh shapes with rectangles,
37,Y_uncv_14.wav,a shape with zig-zags on the side,CUTOFF
37,Y_uncv_15.wav,ehh looks a shape that looks like it holds your pop corn,
37,Y_uncv_16.wav,emm a shape with a diamond in the middle,
37,Y_uncv_17.wav,eh a hexagon with a shape coming out of it,
37,Y_uncv_18.wav,eh a shape that makes a w on the top,
37,Y_uncv_19.wav,emm a shape with hexagons joined together,
37,Y_uncv_20.wav,emm sort of shapes that look like half ovals shaded in,
37,Y_uncv_21.wav,eh triangular shapes,
37,Y_uncv_22.wav,eh a shape with two hexagons joined together,
37,Y_uncv_23.wav,eh a shape with stars in it,
37,Y_uncv_24.wav,eh shape that’s sort of st a strange coloured in circle with a white bit down the middle,UF
38,F_uncv_13_02.wav,eh bar graph,
38,F_uncv_14_02.wav,ehh that same shape again,
38,F_uncv_15_01.wav,dots,
38,F_uncv_16_02.wav,emm the the shape with the four squares and the diamond in the middle,
38,F_uncv_17_03.wav,eh hexagon,
38,F_uncv_18_02.wav,eh that shape again,
38,F_uncv_19_02.wav,eh the shape again,
38,F_uncv_20_01.wav,eh the bombs,
38,F_uncv_21_03.wav,eh mountains,
38,F_uncv_22_02.wav,eh the two the two hexagons with the squiggly thing,
38,F_uncv_23_03.wav,eh the star shape again,
38,F_uncv_24_01.wav,the same shape,
38,Y_uncv_13.wav,bar graph,
38,Y_uncv_14.wav,em the same shape I was describing earlier,
38,Y_uncv_15.wav,a shape that’s a bunch of dots,
38,Y_uncv_16.wav,it’s a shape with four squares at each corner and a diamond in the middle,
38,Y_uncv_17.wav,eh its like a hexagon with a little thing sticking out,
38,Y_uncv_18.wav,eh the sss the same shape,UF
38,Y_uncv_19.wav,the same shape that I was describing earlier with the hexagons,
38,Y_uncv_20.wav,eh it’s a shape that looks like bombs that are falling from the sky,
38,Y_uncv_21.wav,eh the mountains again,
38,Y_uncv_22.wav,it’s a shape with like two stretched hexagons with a wee squiggly line in between,
38,Y_uncv_23.wav,it’s a shape it looks its got a star in the middle and it looks like a boxing glove sticking beside ,CUTOFF
38,Y_uncv_24.wav,eh the same shape from earlier it’s the one with the circles and the white triangles in the middle,WO
39,F_uncv_13_03.wav,barss,CUTOFF
39,F_uncv_14_02.wav,eh the spikey shape,
39,F_uncv_15_03.wav,eh dots,
39,F_uncv_16_02.wav,its eh diagonal shape with the four squares,
39,F_uncv_17_02.wav,the donkey shape,
39,F_uncv_18_02.wav,em spike with pole,
39,F_uncv_19_01.wav,eh hexagonal shapes,
39,F_uncv_20_03.wav,spade shapes,
39,F_uncv_21_03.wav,cone shapes,
39,F_uncv_22_02.wav,its eh two shapes eh with em  wavy line,
39,F_uncv_23_03.wav,eh star shapes,
39,F_uncv_24_03.wav,em shape with diagonal line white line through it,
39,Y_uncv_13.wav,bars,
39,Y_uncv_14.wav,eh sp spikey shape emm with spikes around the edge,
39,Y_uncv_15.wav,the dots,
39,Y_uncv_16.wav,em a diagonal shape with four squares,
39,Y_uncv_17.wav,the donkey shape,
39,Y_uncv_18.wav,a spike shape with a poll,
39,Y_uncv_19.wav,the hexagonal shapes,
39,Y_uncv_20.wav,spade shapes,
39,Y_uncv_21.wav,cone shapes,
39,Y_uncv_22.wav,eh two shapes with a wavy line,
39,Y_uncv_23.wav,eh star shapes,
39,Y_uncv_24.wav,the shape with the diagonal white line through it ,
40,F_uncv_13_02.wav,eh fence silhouette ,
40,F_uncv_14_03.wav,em the curved edged spikey bottom shape,
40,F_uncv_15_01.wav,small dots with large dots on them,
40,F_uncv_16_02.wav,rhombus centre shape,
40,F_uncv_17_02.wav,hexagon shape,
40,F_uncv_18_02.wav,standing up right shape,
40,F_uncv_19_03.wav,hexagon shapes,
40,F_uncv_20_01.wav,eh semi-circle shapes,
40,F_uncv_21_03.wav,eh triangular shapes,
40,F_uncv_22_01.wav,the connected hexagon shapes,
40,F_uncv_23_03.wav,eh shape with lots of stars and triangles on,
40,F_uncv_24_01.wav,em the shape with a triangle holed out of it,
40,Y_uncv_13.wav,eh silhouette of a fence,
40,Y_uncv_14.wav,ehhh it’s a silhouette  of a shape with a spikey edge at the bottom,
40,Y_uncv_15.wav,eh small dots with large circles on them,
40,Y_uncv_16.wav,eh it’s a shape with a rhombus in the centre,
40,Y_uncv_17.wav,em the hexagon shape,
40,Y_uncv_18.wav,em its shape which is standing upright its symmetrical its got pointy edges on each side,
40,Y_uncv_19.wav,em a shape which looks as if its got he loads of hexagons,UF
40,Y_uncv_20.wav,em its like a line with lots of semi-circles on each side,
40,Y_uncv_21.wav,eh triangular shapes,
40,Y_uncv_22.wav,eh the hexagon shape that’s connected,
40,Y_uncv_23.wav,eh a large shape with lots of stars and triangles in,
40,Y_uncv_24.wav,eh the shape with a triangle holed out of it,
41,F_uncv_13_03.wav,em the bar chart shape,
41,F_uncv_14_03.wav,eh the shape with the cut outs,
41,F_uncv_15_02.wav,the pattern with lots of dots in it,
41,F_uncv_16_03.wav,em the outline with the parallelograms,
41,F_uncv_17_03.wav,em the shape with the large hexagon in it,
41,F_uncv_18_01.wav,em the shape with the spikes at the top,
41,F_uncv_19_01.wav,em it’s the swirls with the hexagon shapes,42
41,F_uncv_20_02.wav,em the shape with the curved edges and the semi-circles,
41,F_uncv_21_01.wav,em the shapes with the triangles,
41,F_uncv_22_03.wav,the two large hexagon shape,
41,F_uncv_23_01.wav,eh the shape with the stars in it,
41,F_uncv_24_01.wav,em theee shape with the white bit cut out the middle,
41,Y_uncv_13.wav,the shape that looks like a bar chart,
41,Y_uncv_14.wav,thee shape with the cut outs at the bottom,
41,Y_uncv_15.wav,eh the pattern with lots of spots on it,
41,Y_uncv_16.wav,eh the shapes with the parollelograms at the end,
41,Y_uncv_17.wav,the shape with the hexagon,
41,Y_uncv_18.wav,the shape with the spikes at the top,
41,Y_uncv_19.wav,em the grey outline of the squiggly shapes with the hexagons at the ends,42
41,Y_uncv_20.wav,em the shape with the semi-circles and curved edges,
41,Y_uncv_21.wav,the shape with the triangles stuck together,
41,Y_uncv_22.wav,thee grey outline of the two hexagons,
41,Y_uncv_23.wav,eh the shape with the stars in it,
41,Y_uncv_24.wav,em the circular shape with the white chunks cut out of it,
